Entity,Code,Year,Gas - Proved reserves
Africa,,1980,5745695000000
Africa,,1981,5672843500000
Africa,,1982,6030209500000
Africa,,1983,6032937500000
Africa,,1984,5964087500000
Africa,,1985,5913750000000
Africa,,1986,7093112500000
Africa,,1987,7074612600000
Africa,,1988,7351975000000
Africa,,1989,8104050000000.001
Africa,,1990,8179175000000.001
Africa,,1991,9080712000000
Africa,,1992,9449702000000
Africa,,1993,9565950000000
Africa,,1994,8719087999999.999
Africa,,1995,9486225000000
Africa,,1996,9716492000000
Africa,,1997,10152204000000
Africa,,1998,10294592000000
Africa,,1999,10942306500000
Africa,,2000,11925086000000
Africa,,2001,12546779000000
Africa,,2002,13152342000000
Africa,,2003,13366385000000
Africa,,2004,13581757000000
Africa,,2005,13578355000000
Africa,,2006,13649533000000
Africa,,2007,13923645000000
Africa,,2008,14027758000000
Africa,,2009,14148361000000
Africa,,2010,14009845000000
Africa,,2011,14094851000000
Africa,,2012,14032099000000
Africa,,2013,13967386000000
Africa,,2014,14136698000000
Africa,,2015,13984825000000
Africa,,2016,14418524000000
Africa,,2017,14535765000000
Africa,,2018,14595973000000
Africa,,2019,14946023000000
Africa,,2020,12888078000000
Africa (BP),,1980,5745695600000
Africa (BP),,1981,5672843500000
Africa (BP),,1982,6030209500000
Africa (BP),,1983,6032937500000
Africa (BP),,1984,5964087500000
Africa (BP),,1985,5913750000000
Africa (BP),,1986,7093112500000
Africa (BP),,1987,7074612600000
Africa (BP),,1988,7351975000000
Africa (BP),,1989,8104050000000.001
Africa (BP),,1990,8179175000000.001
Africa (BP),,1991,9080712000000
Africa (BP),,1992,9449702000000
Africa (BP),,1993,9565950000000
Africa (BP),,1994,8719087999999.999
Africa (BP),,1995,9486225000000
Africa (BP),,1996,9716492000000
Africa (BP),,1997,10152204000000
Africa (BP),,1998,10294591000000
Africa (BP),,1999,10942306500000
Africa (BP),,2000,11925086000000
Africa (BP),,2001,12546779000000
Africa (BP),,2002,13152342000000
Africa (BP),,2003,13366385000000
Africa (BP),,2004,13581758000000
Africa (BP),,2005,13578355000000
Africa (BP),,2006,13649533000000
Africa (BP),,2007,13923645000000
Africa (BP),,2008,14027758000000
Africa (BP),,2009,14148361000000
Africa (BP),,2010,14009845000000
Africa (BP),,2011,14094851000000
Africa (BP),,2012,14032099000000
Africa (BP),,2013,13967386000000
Africa (BP),,2014,14136698000000
Africa (BP),,2015,13984825000000
Africa (BP),,2016,14418524000000
Africa (BP),,2017,14535765000000
Africa (BP),,2018,14595973000000
Africa (BP),,2019,14946022000000
Africa (BP),,2020,12888078000000
Algeria,DZA,1980,3581462400000
Algeria,DZA,1981,3540075000000
Algeria,DZA,1982,3477512600000
Algeria,DZA,1983,3398587500000
Algeria,DZA,1984,3312925000000
Algeria,DZA,1985,3223412500000
Algeria,DZA,1986,3136787400000
Algeria,DZA,1987,3044387600000
Algeria,DZA,1988,3112725000000
Algeria,DZA,1989,3128125000000
Algeria,DZA,1990,3176250000000
Algeria,DZA,1991,3490025000000
Algeria,DZA,1992,3513125000000
Algeria,DZA,1993,3561250000000
Algeria,DZA,1994,2851887500000
Algeria,DZA,1995,3551625000000
Algeria,DZA,1996,3561250000000
Algeria,DZA,1997,3924112600000
Algeria,DZA,1998,3924112600000
Algeria,DZA,1999,4350500000000.0005
Algeria,DZA,2000,4353387400000
Algeria,DZA,2001,4353387400000
Algeria,DZA,2002,4353387400000
Algeria,DZA,2003,4374562300000
Algeria,DZA,2004,4374562300000
Algeria,DZA,2005,4335292300000
Algeria,DZA,2006,4335292300000
Algeria,DZA,2007,4335099999999.9995
Algeria,DZA,2008,4335099999999.9995
Algeria,DZA,2009,4335099999999.9995
Algeria,DZA,2010,4335099999999.9995
Algeria,DZA,2011,4335099999999.9995
Algeria,DZA,2012,4335011500000
Algeria,DZA,2013,4335011500000
Algeria,DZA,2014,4335099999999.9995
Algeria,DZA,2015,4335099999999.9995
Algeria,DZA,2016,4335099999999.9995
Algeria,DZA,2017,4335099999999.9995
Algeria,DZA,2018,4335099999999.9995
Algeria,DZA,2019,4335099999999.9995
Algeria,DZA,2020,2279200000000
Argentina,ARG,1980,624975000000
Argentina,ARG,1981,631800000000
Argentina,ARG,1982,674700000000
Argentina,ARG,1983,662025000000
Argentina,ARG,1984,651300000000
Argentina,ARG,1985,663975000000
Argentina,ARG,1986,654225000000
Argentina,ARG,1987,675675000000
Argentina,ARG,1988,753675000000
Argentina,ARG,1989,654225000000
Argentina,ARG,1990,643500000000
Argentina,ARG,1991,626925000000
Argentina,ARG,1992,527475000000
Argentina,ARG,1993,504075000000.00006
Argentina,ARG,1994,521625000000
Argentina,ARG,1995,603525000000
Argentina,ARG,1996,625950000000
Argentina,ARG,1997,666900000000
Argentina,ARG,1998,669825000000
Argentina,ARG,1999,710775000000
Argentina,ARG,2000,758550000000
Argentina,ARG,2001,744900000000
Argentina,ARG,2002,647400000000
Argentina,ARG,2003,596700000000
Argentina,ARG,2004,528450000000
Argentina,ARG,2005,428025000000
Argentina,ARG,2006,434850000000
Argentina,ARG,2007,429819700000
Argentina,ARG,2008,387569460000
Argentina,ARG,2009,368265330000
Argentina,ARG,2010,348847330000
Argentina,ARG,2011,323366200000
Argentina,ARG,2012,306831240000
Argentina,ARG,2013,319232550000
Argentina,ARG,2014,323081460000
Argentina,ARG,2015,340845800000
Argentina,ARG,2016,327410250000
Argentina,ARG,2017,345684440000
Argentina,ARG,2018,360488100000
Argentina,ARG,2019,385567750000
Argentina,ARG,2020,385567750000
Asia,,1980,27849548000000
Asia,,1981,28529972000000
Asia,,1982,29702267000000
Asia,,1983,30301110000000
Asia,,1984,32050345999999.996
Asia,,1985,32623707000000.004
Asia,,1986,35737560000000
Asia,,1987,36640717000000
Asia,,1988,39863510000000
Asia,,1989,43793907000000
Asia,,1990,44337933000000
Asia,,1991,48147552000000
Asia,,1992,49564500000000
Asia,,1993,50207497000000
Asia,,1994,51371517000000
Asia,,1995,51270560000000
Asia,,1996,54552773000000
Asia,,1997,59986360000000
Asia,,1998,64140469999999.99
Asia,,1999,67051810000000
Asia,,2000,71785510000000
Asia,,2001,84077160000000
Asia,,2002,85001550000000
Asia,,2003,85721570000000
Asia,,2004,86088770000000
Asia,,2005,84269190000000
Asia,,2006,85706894000000
Asia,,2007,92059200000000
Asia,,2008,94054330000000
Asia,,2009,96154260000000
Asia,,2010,105536670000000
Asia,,2011,106430190000000
Asia,,2012,105486370000000
Asia,,2013,105092390000000
Asia,,2014,106635520000000
Asia,,2015,106582170000000
Asia,,2016,108495640000000
Asia,,2017,106731964000000
Asia,,2018,107880230000000
Asia,,2019,109192660000000
Asia,,2020,109024414000000
Asia Pacific (BP),,1980,3960505700000
Asia Pacific (BP),,1981,4565401600000
Asia Pacific (BP),,1982,5011799300000
Asia Pacific (BP),,1983,5107080000000
Asia Pacific (BP),,1984,5863704000000
Asia Pacific (BP),,1985,6189464600000
Asia Pacific (BP),,1986,6799892000000
Asia Pacific (BP),,1987,7104082000000
Asia Pacific (BP),,1988,7289435000000
Asia Pacific (BP),,1989,7869379500000
Asia Pacific (BP),,1990,8251344000000
Asia Pacific (BP),,1991,7509834000000
Asia Pacific (BP),,1992,7771208300000
Asia Pacific (BP),,1993,7981892000000
Asia Pacific (BP),,1994,8281658999999.999
Asia Pacific (BP),,1995,8233972000000
Asia Pacific (BP),,1996,7932480000000
Asia Pacific (BP),,1997,8251443999999.999
Asia Pacific (BP),,1998,9082313000000
Asia Pacific (BP),,1999,9390206000000
Asia Pacific (BP),,2000,9815051000000
Asia Pacific (BP),,2001,10344284000000
Asia Pacific (BP),,2002,10317544000000
Asia Pacific (BP),,2003,10392482000000
Asia Pacific (BP),,2004,10759802000000
Asia Pacific (BP),,2005,10869497000000
Asia Pacific (BP),,2006,11168620000000
Asia Pacific (BP),,2007,12235752000000
Asia Pacific (BP),,2008,13706831000000
Asia Pacific (BP),,2009,13911233000000
Asia Pacific (BP),,2010,13521761000000
Asia Pacific (BP),,2011,13763408000000
Asia Pacific (BP),,2012,13880832000000
Asia Pacific (BP),,2013,14233170500000
Asia Pacific (BP),,2014,14041744000000
Asia Pacific (BP),,2015,14654057000000
Asia Pacific (BP),,2016,15455543500000
Asia Pacific (BP),,2017,15974779000000
Asia Pacific (BP),,2018,16081911000000.002
Asia Pacific (BP),,2019,16784866000000
Asia Pacific (BP),,2020,16560028000000
Australia,AUS,1980,141336000000
Australia,AUS,1981,356382000000
Australia,AUS,1982,499980000000
Australia,AUS,1983,490620000000
Australia,AUS,1984,537420000000
Australia,AUS,1985,553020000000
Australia,AUS,1986,703560000000
Australia,AUS,1987,833820000000
Australia,AUS,1988,805740000000
Australia,AUS,1989,744900000000
Australia,AUS,1990,723060000000
Australia,AUS,1991,741000000000
Australia,AUS,1992,784680000000
Australia,AUS,1993,773760000000
Australia,AUS,1994,1007760000000
Australia,AUS,1995,985920000000
Australia,AUS,1996,1060800000000
Australia,AUS,1997,1165320000000
Australia,AUS,1998,1551420000000
Australia,AUS,1999,1551420000000
Australia,AUS,2000,1718340000000
Australia,AUS,2001,2080260000000
Australia,AUS,2002,1971840000000
Australia,AUS,2003,1857664300000
Australia,AUS,2004,1811644400000
Australia,AUS,2005,1835824400000
Australia,AUS,2006,1851983700000
Australia,AUS,2007,1788283800000
Australia,AUS,2008,2743264000000
Australia,AUS,2009,2753443000000
Australia,AUS,2010,2859665000000
Australia,AUS,2011,2814823900000
Australia,AUS,2012,2819435600000
Australia,AUS,2013,2820378300000
Australia,AUS,2014,2386109000000
Australia,AUS,2015,2389595500000
Australia,AUS,2016,2389595500000
Australia,AUS,2017,2389595500000
Australia,AUS,2018,2389595500000
Australia,AUS,2019,2389595500000
Australia,AUS,2020,2389595500000
Azerbaijan,AZE,1997,655689000000
Azerbaijan,AZE,1998,655689000000
Azerbaijan,AZE,1999,990199700000
Azerbaijan,AZE,2000,990199700000
Azerbaijan,AZE,2001,990199700000
Azerbaijan,AZE,2002,990199700000
Azerbaijan,AZE,2003,990199700000
Azerbaijan,AZE,2004,990199700000
Azerbaijan,AZE,2005,990199700000
Azerbaijan,AZE,2006,990199700000
Azerbaijan,AZE,2007,997965930000
Azerbaijan,AZE,2008,1055436400000
Azerbaijan,AZE,2009,1017381700000
Azerbaijan,AZE,2010,1020923000000
Azerbaijan,AZE,2011,1020923000000
Azerbaijan,AZE,2012,1020923000000
Azerbaijan,AZE,2013,945809000
Azerbaijan,AZE,2014,1339218500000
Azerbaijan,AZE,2015,1318744800000
Azerbaijan,AZE,2016,1318744800000
Azerbaijan,AZE,2017,1318744800000
Azerbaijan,AZE,2018,2094893200000
Azerbaijan,AZE,2019,2503652800000
Azerbaijan,AZE,2020,2503652800000
Bahrain,BHR,1980,569685640000
Bahrain,BHR,1981,550125600000
Bahrain,BHR,1982,542790600000
Bahrain,BHR,1983,533010600000
Bahrain,BHR,1984,523230549999.99994
Bahrain,BHR,1985,511005599999.99994
Bahrain,BHR,1986,498780550000
Bahrain,BHR,1987,484110530000
Bahrain,BHR,1988,464550500000
Bahrain,BHR,1989,447435500000
Bahrain,BHR,1990,432765480000
Bahrain,BHR,1991,422985460000
Bahrain,BHR,1992,408315450000
Bahrain,BHR,1993,388755440000
Bahrain,BHR,1994,374085400000
Bahrain,BHR,1995,359415380000
Bahrain,BHR,1996,347190380000
Bahrain,BHR,1997,347190380000
Bahrain,BHR,1998,347190380000
Bahrain,BHR,1999,288510320000
Bahrain,BHR,2000,268950280000
Bahrain,BHR,2001,268950280000
Bahrain,BHR,2002,268950280000
Bahrain,BHR,2003,224940240000
Bahrain,BHR,2004,220050250000
Bahrain,BHR,2005,220050250000
Bahrain,BHR,2006,220050250000
Bahrain,BHR,2007,207825230000
Bahrain,BHR,2008,220050250000
Bahrain,BHR,2009,220050250000
Bahrain,BHR,2010,207998590000
Bahrain,BHR,2011,207998590000
Bahrain,BHR,2012,189356200000
Bahrain,BHR,2013,180988910000
Bahrain,BHR,2014,172200840000
Bahrain,BHR,2015,163461330000
Bahrain,BHR,2016,173789920000
Bahrain,BHR,2017,182469530000
Bahrain,BHR,2018,182926850000
Bahrain,BHR,2019,77313500000
Bahrain,BHR,2020,64831429999.99999
Bangladesh,BGD,1980,278850000000
Bangladesh,BGD,1981,309075000000
Bangladesh,BGD,1982,330525000000
Bangladesh,BGD,1983,303225000000
Bangladesh,BGD,1984,344175000000
Bangladesh,BGD,1985,344175000000
Bangladesh,BGD,1986,345150000000
Bangladesh,BGD,1987,345150000000
Bangladesh,BGD,1988,341250000000
Bangladesh,BGD,1989,706875000000
Bangladesh,BGD,1990,706875000000
Bangladesh,BGD,1991,702000000000
Bangladesh,BGD,1992,295425000000
Bangladesh,BGD,1993,289575000000
Bangladesh,BGD,1994,293475000000
Bangladesh,BGD,1995,265200000000
Bangladesh,BGD,1996,292500000000
Bangladesh,BGD,1997,289575000000
Bangladesh,BGD,1998,289575000000
Bangladesh,BGD,1999,314925000000
Bangladesh,BGD,2000,298350000000
Bangladesh,BGD,2001,331500000000
Bangladesh,BGD,2002,331500000000
Bangladesh,BGD,2003,422175000000
Bangladesh,BGD,2004,411450000000
Bangladesh,BGD,2005,396825000000
Bangladesh,BGD,2006,373425000000
Bangladesh,BGD,2007,364650000000
Bangladesh,BGD,2008,335400000000
Bangladesh,BGD,2009,354900000000
Bangladesh,BGD,2010,345150000000
Bangladesh,BGD,2011,340275000000
Bangladesh,BGD,2012,265375900000
Bangladesh,BGD,2013,243715290000
Bangladesh,BGD,2014,223447400000
Bangladesh,BGD,2015,197675650000
Bangladesh,BGD,2016,177890720000
Bangladesh,BGD,2017,162362470000
Bangladesh,BGD,2018,120421440000
Bangladesh,BGD,2019,110227264000
Bangladesh,BGD,2020,110227264000
Bolivia,BOL,1980,120142500000
Bolivia,BOL,1981,155750990000
Bolivia,BOL,1982,133942010000
Bolivia,BOL,1983,128344999999.99998
Bolivia,BOL,1984,129310000000.00002
Bolivia,BOL,1985,131240000000
Bolivia,BOL,1986,136064999999.99998
Bolivia,BOL,1987,112229500000
Bolivia,BOL,1988,113773500000
Bolivia,BOL,1989,113387500000
Bolivia,BOL,1990,109431000000
Bolivia,BOL,1991,114062995000
Bolivia,BOL,1992,106632500000
Bolivia,BOL,1993,104123500000
Bolivia,BOL,1994,105764000000
Bolivia,BOL,1995,105764000000
Bolivia,BOL,1996,103837890000
Bolivia,BOL,1997,114768190000
Bolivia,BOL,1998,144826530000
Bolivia,BOL,1999,144826530000
Bolivia,BOL,2000,188353630000
Bolivia,BOL,2001,216844100000
Bolivia,BOL,2002,227132320000
Bolivia,BOL,2003,218426900000
Bolivia,BOL,2004,211304280000
Bolivia,BOL,2005,207508470000
Bolivia,BOL,2006,203469960000
Bolivia,BOL,2007,199274670000
Bolivia,BOL,2008,271648259999.99997
Bolivia,BOL,2009,271648259999.99997
Bolivia,BOL,2010,271648259999.99997
Bolivia,BOL,2011,271648259999.99997
Bolivia,BOL,2012,306048500000
Bolivia,BOL,2013,286920500000
Bolivia,BOL,2014,270525040000
Bolivia,BOL,2015,270525040000
Bolivia,BOL,2016,292418150000
Bolivia,BOL,2017,247024880000
Bolivia,BOL,2018,229946270000
Bolivia,BOL,2019,212867680000
Bolivia,BOL,2020,212867680000
Brazil,BRA,1980,51675000000
Brazil,BRA,1981,58500000000
Brazil,BRA,1982,70200000000
Brazil,BRA,1983,79950000000
Brazil,BRA,1984,81900000000
Brazil,BRA,1985,90675000000
Brazil,BRA,1986,93600000000
Brazil,BRA,1987,102375000000
Brazil,BRA,1988,106275000000
Brazil,BRA,1989,113100000000
Brazil,BRA,1990,112125000000
Brazil,BRA,1991,120900000000
Brazil,BRA,1992,129675000000.00002
Brazil,BRA,1993,133575000000
Brazil,BRA,1994,142350000000
Brazil,BRA,1995,150150000000
Brazil,BRA,1996,154050000000
Brazil,BRA,1997,222300000000
Brazil,BRA,1998,220350000000
Brazil,BRA,1999,225225000000
Brazil,BRA,2000,215475000000
Brazil,BRA,2001,226654930000
Brazil,BRA,2002,252127830000
Brazil,BRA,2003,252945419999.99997
Brazil,BRA,2004,336192430000
Brazil,BRA,2005,315893080000
Brazil,BRA,2006,358687820000
Brazil,BRA,2007,376304500000
Brazil,BRA,2008,375526850000
Brazil,BRA,2009,378474470000
Brazil,BRA,2010,436115900000
Brazil,BRA,2011,473644580000
Brazil,BRA,2012,473422020000
Brazil,BRA,2013,472365530000
Brazil,BRA,2014,485698220000
Brazil,BRA,2015,443286150000
Brazil,BRA,2016,389105680000
Brazil,BRA,2017,380884080000
Brazil,BRA,2018,380346800000
Brazil,BRA,2019,375278650000
Brazil,BRA,2020,348528330000
Brunei,BRN,1980,201825000000
Brunei,BRN,1981,206700000000
Brunei,BRN,1982,215475000000
Brunei,BRN,1983,212550000000
Brunei,BRN,1984,232050000000
Brunei,BRN,1985,232050000000
Brunei,BRN,1986,331500000000
Brunei,BRN,1987,322725000000
Brunei,BRN,1988,313950000000
Brunei,BRN,1989,309075000000
Brunei,BRN,1990,322725000000
Brunei,BRN,1991,386100000000
Brunei,BRN,1992,390000000000
Brunei,BRN,1993,390000000000
Brunei,BRN,1994,390000000000
Brunei,BRN,1995,390000000000
Brunei,BRN,1996,390000000000
Brunei,BRN,1997,381225000000
Brunei,BRN,1998,372450000000
Brunei,BRN,1999,364650000000
Brunei,BRN,2000,356850000000
Brunei,BRN,2001,347100000000
Brunei,BRN,2002,341250000000
Brunei,BRN,2003,336375000000
Brunei,BRN,2004,336375000000
Brunei,BRN,2005,324675000000
Brunei,BRN,2006,312975000000
Brunei,BRN,2007,312975000000
Brunei,BRN,2008,312975000000
Brunei,BRN,2009,301275000000
Brunei,BRN,2010,293706630000
Brunei,BRN,2011,280800000000
Brunei,BRN,2012,269100000000
Brunei,BRN,2013,263249999999.99997
Brunei,BRN,2014,256425000000
Brunei,BRN,2015,251550000000
Brunei,BRN,2016,245700000000
Brunei,BRN,2017,234000000000
Brunei,BRN,2018,222300000000
Brunei,BRN,2019,222300000000
Brunei,BRN,2020,222300000000
CIS (BP),,1980,20469296000000
CIS (BP),,1981,21748627000000
CIS (BP),,1982,22388292000000
CIS (BP),,1983,23027958000000
CIS (BP),,1984,23987457000000
CIS (BP),,1985,25586620000000
CIS (BP),,1986,26226284000000
CIS (BP),,1987,26674051000000
CIS (BP),,1988,27185783000000
CIS (BP),,1989,33262604000000.004
CIS (BP),,1990,34880960000000
CIS (BP),,1991,36325592000000
CIS (BP),,1992,37120834000000
CIS (BP),,1993,38144440000000
CIS (BP),,1994,38360744000000
CIS (BP),,1995,37834656000000
CIS (BP),,1996,37364674000000
CIS (BP),,1997,38567944000000
CIS (BP),,1998,38421820000000
CIS (BP),,1999,38391598000000
CIS (BP),,2000,38597202000000
CIS (BP),,2001,38801780000000
CIS (BP),,2002,39355316000000
CIS (BP),,2003,39217785000000
CIS (BP),,2004,39075350000000
CIS (BP),,2005,39223022000000
CIS (BP),,2006,39222720000000
CIS (BP),,2007,43258663000000
CIS (BP),,2008,43351337000000
CIS (BP),,2009,45567570000000
CIS (BP),,2010,51330540000000
CIS (BP),,2011,51673370000000
CIS (BP),,2012,51825386000000
CIS (BP),,2013,51108578000000
CIS (BP),,2014,52551650000000
CIS (BP),,2015,52439250000000
CIS (BP),,2016,52858944000000
CIS (BP),,2017,55913853000000
CIS (BP),,2018,56442660000000
CIS (BP),,2019,56767067000000
CIS (BP),,2020,56601727000000
Canada,CAN,1980,2429700000000
Canada,CAN,1981,2498925000000
Canada,CAN,1982,2526225000000
Canada,CAN,1983,2547675000000
Canada,CAN,1984,2738775000000
Canada,CAN,1985,2714400000000
Canada,CAN,1986,2677350000000
Canada,CAN,1987,2625675000000
Canada,CAN,1988,2604225000000
Canada,CAN,1989,2663700000000
Canada,CAN,1990,2656875000000
Canada,CAN,1991,2643225000000
Canada,CAN,1992,2605200000000
Canada,CAN,1993,2176200000000.0002
Canada,CAN,1994,1850550000000
Canada,CAN,1995,1880775000000
Canada,CAN,1996,1893450000000
Canada,CAN,1997,1763775000000
Canada,CAN,1998,1704300000000
Canada,CAN,1999,1676025000000
Canada,CAN,2000,1640925000000
Canada,CAN,2001,1651650000000
Canada,CAN,2002,1622400000000
Canada,CAN,2003,1562925000000
Canada,CAN,2004,1560000000000
Canada,CAN,2005,1555013400000
Canada,CAN,2006,1561825600000
Canada,CAN,2007,1556217300000
Canada,CAN,2008,1670907900000
Canada,CAN,2009,1645396100000
Canada,CAN,2010,1883071000000
Canada,CAN,2011,1829293400000
Canada,CAN,2012,1904480100000
Canada,CAN,2013,1931387100000
Canada,CAN,2014,1892854300000
Canada,CAN,2015,2068144600000
Canada,CAN,2016,1995628200000
Canada,CAN,2017,1984051800000
Canada,CAN,2018,1912506700000
Canada,CAN,2019,1994067800000
Canada,CAN,2020,2353957700000
China,CHN,1980,708328400000
China,CHN,1981,704901700000
China,CHN,1982,865857900000
China,CHN,1983,879968050000
China,CHN,1984,896799400000
China,CHN,1985,878859400000
China,CHN,1986,871804300000
China,CHN,1987,901032450000
China,CHN,1988,929353500000
China,CHN,1989,1030845599999.9999
China,CHN,1990,1006858300000
China,CHN,1991,1009680399999.9999
China,CHN,1992,1409904100000
China,CHN,1993,1683842200000
China,CHN,1994,1682834300000
China,CHN,1995,1682834300000
China,CHN,1996,1179606700000
China,CHN,1997,1169427300000
China,CHN,1998,1377652400000
China,CHN,1999,1377652400000
China,CHN,2000,1377652400000
China,CHN,2001,1378458700000
China,CHN,2002,1277965500000
China,CHN,2003,1346625400000
China,CHN,2004,1459548800000
China,CHN,2005,1546642200000
China,CHN,2006,1696748500000
China,CHN,2007,2272839300000
China,CHN,2008,2710600900000
China,CHN,2009,2868212000000
China,CHN,2010,2747093700000
China,CHN,2011,2928997500000
China,CHN,2012,3139862300000
China,CHN,2013,3374516700000
China,CHN,2014,3576438000000
China,CHN,2015,4679402400000
China,CHN,2016,5479311500000
China,CHN,2017,6070297700000
China,CHN,2018,6363928000000
China,CHN,2019,8398550000000
China,CHN,2020,8398550000000
Colombia,COL,1980,118950000000
Colombia,COL,1981,118950000000
Colombia,COL,1982,117000000000
Colombia,COL,1983,110175000000
Colombia,COL,1984,106275000000
Colombia,COL,1985,104325000000
Colombia,COL,1986,110175000000
Colombia,COL,1987,94575000000
Colombia,COL,1988,123825000000
Colombia,COL,1989,106275000000
Colombia,COL,1990,98475000000
Colombia,COL,1991,96525000000
Colombia,COL,1992,180375000000
Colombia,COL,1993,205725000000
Colombia,COL,1994,208650000000
Colombia,COL,1995,211575000000
Colombia,COL,1996,211575000000
Colombia,COL,1997,191100000000
Colombia,COL,1998,191100000000
Colombia,COL,1999,183300000000
Colombia,COL,2000,125775000000
Colombia,COL,2001,124800000000
Colombia,COL,2002,117000000000
Colombia,COL,2003,111150000000
Colombia,COL,2004,116025000000
Colombia,COL,2005,110175000000
Colombia,COL,2006,119925000000
Colombia,COL,2007,120270856000
Colombia,COL,2008,119485780000
Colombia,COL,2009,129106790000
Colombia,COL,2010,147313100000
Colombia,COL,2011,148893900000
Colombia,COL,2012,156089200000
Colombia,COL,2013,150120360000
Colombia,COL,2014,129706400000
Colombia,COL,2015,118858920000
Colombia,COL,2016,109665110000
Colombia,COL,2017,106185354000
Colombia,COL,2018,103078290000
Colombia,COL,2019,86207464000
Colombia,COL,2020,86207464000
Denmark,DNK,1980,85485000000
Denmark,DNK,1981,85485000000
Denmark,DNK,1982,85485000000
Denmark,DNK,1983,102165000000
Denmark,DNK,1984,107377500000
Denmark,DNK,1985,94867500000
Denmark,DNK,1986,74017500000
Denmark,DNK,1987,72975000000
Denmark,DNK,1988,82357500000
Denmark,DNK,1989,112590000000
Denmark,DNK,1990,103207500000
Denmark,DNK,1991,105292500000
Denmark,DNK,1992,134482500000
Denmark,DNK,1993,131355000000
Denmark,DNK,1994,129270000000
Denmark,DNK,1995,125099999999.99998
Denmark,DNK,1996,118845000000
Denmark,DNK,1997,115717500000
Denmark,DNK,1998,108420000000
Denmark,DNK,1999,138450000000
Denmark,DNK,2000,140400000000
Denmark,DNK,2001,137475000000
Denmark,DNK,2002,125775000000
Denmark,DNK,2003,132600000000
Denmark,DNK,2004,128700000000.00002
Denmark,DNK,2005,118950000000
Denmark,DNK,2006,117000000000
Denmark,DNK,2007,71931780000
Denmark,DNK,2008,57177614000
Denmark,DNK,2009,66500250000
Denmark,DNK,2010,54031450000
Denmark,DNK,2011,44736467000
Denmark,DNK,2012,39572578000
Denmark,DNK,2013,37985590000
Denmark,DNK,2014,36433680000
Denmark,DNK,2015,17744148000
Denmark,DNK,2016,13568028000
Denmark,DNK,2017,28196104000
Denmark,DNK,2018,29189525000
Denmark,DNK,2019,29640902000
Denmark,DNK,2020,28027957000
Egypt,EGY,1980,80850000000
Egypt,EGY,1981,79887500000
Egypt,EGY,1982,195387500000
Egypt,EGY,1983,192500000000
Egypt,EGY,1984,226187500000
Egypt,EGY,1985,245437500000
Egypt,EGY,1986,279125000000
Egypt,EGY,1987,295487500000
Egypt,EGY,1988,316662500000
Egypt,EGY,1989,337837500000
Egypt,EGY,1990,364787500000
Egypt,EGY,1991,381150000000
Egypt,EGY,1992,419650000000
Egypt,EGY,1993,572687500000
Egypt,EGY,1994,607337500000
Egypt,EGY,1995,620812500000
Egypt,EGY,1996,817162500000
Egypt,EGY,1997,892237500000
Egypt,EGY,1998,981750000000
Egypt,EGY,1999,1177137500000
Egypt,EGY,2000,1379262400000
Egypt,EGY,2001,1498612500000
Egypt,EGY,2002,1594862500000
Egypt,EGY,2003,1660120000000
Egypt,EGY,2004,1799875000000
Egypt,EGY,2005,1823937500000
Egypt,EGY,2006,1910562500000
Egypt,EGY,2007,1992375000000
Egypt,EGY,2008,2069375000000
Egypt,EGY,2009,2107875000000
Egypt,EGY,2010,2127125000000
Egypt,EGY,2011,2107875000000
Egypt,EGY,2012,2103062400000.0002
Egypt,EGY,2013,2103062400000.0002
Egypt,EGY,2014,2104025000000
Egypt,EGY,2015,2007775000000
Egypt,EGY,2016,2137712500000.0002
Egypt,EGY,2017,2137712500000.0002
Egypt,EGY,2018,2137712500000.0002
Egypt,EGY,2019,2137712500000.0002
Egypt,EGY,2020,2137712500000.0002
Europe,,1980,24748951000000
Europe,,1981,25864073000000
Europe,,1982,26372656000000
Europe,,1983,27259502000000
Europe,,1984,28151312000000
Europe,,1985,29846018000000
Europe,,1986,30423390000000
Europe,,1987,31611590000000
Europe,,1988,32514426999999.996
Europe,,1989,38536423000000
Europe,,1990,40395172000000
Europe,,1991,38975727000000
Europe,,1992,39896503000000
Europe,,1993,39806732000000
Europe,,1994,39548744000000
Europe,,1995,38720707000000
Europe,,1996,38520683000000
Europe,,1997,39075440000000
Europe,,1998,38796738000000
Europe,,1999,38456814000000
Europe,,2000,38526060000000
Europe,,2001,39498790000000
Europe,,2002,39850437000000
Europe,,2003,39842060000000
Europe,,2004,39493786000000
Europe,,2005,39456413000000
Europe,,2006,39212830000000
Europe,,2007,39179783000000
Europe,,2008,38978745000000
Europe,,2009,38842180000000
Europe,,2010,38785294000000
Europe,,2011,39061638000000
Europe,,2012,39440628000000
Europe,,2013,39594930000000
Europe,,2014,39427174000000
Europe,,2015,39184704000000
Europe,,2016,38822086000000
Europe,,2017,41791230000000
Europe,,2018,41054380000000
Europe,,2019,40833702000000
Europe,,2020,40560340000000
Europe (BP),,1980,4279655000000
Europe (BP),,1981,4115446000000.0005
Europe (BP),,1982,3984364500000
Europe (BP),,1983,4231544000000.0005
Europe (BP),,1984,4163854599999.9995
Europe (BP),,1985,4259397000000
Europe (BP),,1986,4197105400000
Europe (BP),,1987,4937539000000
Europe (BP),,1988,5328646000000
Europe (BP),,1989,5273818500000
Europe (BP),,1990,5514212000000
Europe (BP),,1991,5065175000000
Europe (BP),,1992,5166607000000
Europe (BP),,1993,5072721000000
Europe (BP),,1994,5039326700000
Europe (BP),,1995,5016021000000
Europe (BP),,1996,5095356500000
Europe (BP),,1997,5507996600000
Europe (BP),,1998,5432687300000
Europe (BP),,1999,5506968000000
Europe (BP),,2000,5370348000000
Europe (BP),,2001,6137210400000
Europe (BP),,2002,5939884700000
Europe (BP),,2003,6068750400000
Europe (BP),,2004,5857720400000
Europe (BP),,2005,5683103600000
Europe (BP),,2006,5439520000000
Europe (BP),,2007,5269231000000
Europe (BP),,2008,4999568500000
Europe (BP),,2009,4794381000000
Europe (BP),,2010,4668877000000
Europe (BP),,2011,4602109400000
Europe (BP),,2012,4800558600000
Europe (BP),,2013,4650932000000
Europe (BP),,2014,4378115000000
Europe (BP),,2015,4227303000000
Europe (BP),,2016,3988834000000
Europe (BP),,2017,3902994900000
Europe (BP),,2018,3413389200000
Europe (BP),,2019,3276960400000
Europe (BP),,2020,3168815000000
European Union (27),,1980,3095064900000
European Union (27),,1981,3008161000000
European Union (27),,1982,2925327000000
European Union (27),,1983,3012496500000
European Union (27),,1984,2960879600000
European Union (27),,1985,2968312700000
European Union (27),,1986,3012551300000
European Union (27),,1987,2950215800000
European Union (27),,1988,2915436000000
European Union (27),,1989,2891843600000
European Union (27),,1990,3199313200000
European Union (27),,1991,3162403000000
European Union (27),,1992,3083438000000
European Union (27),,1993,2997807000000
European Union (27),,1994,2942145300000
European Union (27),,1995,2870562300000
European Union (27),,1996,2800631500000
European Union (27),,1997,2774030000000
European Union (27),,1998,2673970500000
European Union (27),,1999,2661786600000
European Union (27),,2000,2547517500000
European Union (27),,2001,2470955000000
European Union (27),,2002,2369964400000
European Union (27),,2003,2232823400000
European Union (27),,2004,2148767200000
European Union (27),,2005,2058080400000.0002
European Union (27),,2006,1940355500000
European Union (27),,2007,1826926100000
European Union (27),,2008,1722497100000
European Union (27),,2009,1737208000000
European Union (27),,2010,1636052100000
European Union (27),,2011,1549301100000
European Union (27),,2012,1293976900000
European Union (27),,2013,1215818900000
European Union (27),,2014,1104247600000
European Union (27),,2015,1086750500000
European Union (27),,2016,984070360000
European Union (27),,2017,946823000000
European Union (27),,2018,505122900000.00006
European Union (27),,2019,446495980000
European Union (27),,2020,441848370000
Germany,DEU,1980,258375000000.00003
Germany,DEU,1981,241800000000
Germany,DEU,1982,234975000000
Germany,DEU,1983,312000000000
Germany,DEU,1984,298350000000
Germany,DEU,1985,288600000000
Germany,DEU,1986,372450000000
Germany,DEU,1987,366600000000
Germany,DEU,1988,353925000000
Germany,DEU,1989,342225000000
Germany,DEU,1990,211575000000
Germany,DEU,1991,190125000000
Germany,DEU,1992,193050000000
Germany,DEU,1993,193050000000
Germany,DEU,1994,216450000000
Germany,DEU,1995,211166830000
Germany,DEU,1996,215426680000
Germany,DEU,1997,201296610000
Germany,DEU,1998,200602900000
Germany,DEU,1999,237416180000
Germany,DEU,2000,232052890000
Germany,DEU,2001,223763530000
Germany,DEU,2002,211366420000
Germany,DEU,2003,190704550000
Germany,DEU,2004,176900670000
Germany,DEU,2005,164327710000
Germany,DEU,2006,143226240000
Germany,DEU,2007,130389509999.99998
Germany,DEU,2008,110958576000
Germany,DEU,2009,86428110000
Germany,DEU,2010,76668680000
Germany,DEU,2011,69898630000
Germany,DEU,2012,62425190000
Germany,DEU,2013,54951750000
Germany,DEU,2014,45016475000
Germany,DEU,2015,40796180000
Germany,DEU,2016,37015498000
Germany,DEU,2017,32619360000
Germany,DEU,2018,26640609000
Germany,DEU,2019,21804854000
Germany,DEU,2020,19659538000
High-income countries,,1980,22013578000000
High-income countries,,1981,22569462000000
High-income countries,,1982,23453468000000
High-income countries,,1983,24173445000000
High-income countries,,1984,25368240000000
High-income countries,,1985,25567286000000
High-income countries,,1986,28352060000000
High-income countries,,1987,29567219000000
High-income countries,,1988,30519420000000
High-income countries,,1989,30628864000000
High-income countries,,1990,30716766000000
High-income countries,,1991,32138565000000
High-income countries,,1992,32561130000000
High-income countries,,1993,32378270000000
High-income countries,,1994,33430610000000
High-income countries,,1995,34557262000000
High-income countries,,1996,35139030000000
High-income countries,,1997,35262530000000
High-income countries,,1998,38063732000000
High-income countries,,1999,38735863000000
High-income countries,,2000,42655804000000
High-income countries,,2001,56008118000000
High-income countries,,2002,55975080000000
High-income countries,,2003,55633770000000
High-income countries,,2004,55504402000000
High-income countries,,2005,54519676000000
High-income countries,,2006,56287643000000
High-income countries,,2007,56884110000000
High-income countries,,2008,57923500000000
High-income countries,,2009,58345768000000
High-income countries,,2010,59329040000000
High-income countries,,2011,60036564000000
High-income countries,,2012,59017120000000
High-income countries,,2013,59775420000000
High-income countries,,2014,59818123000000
High-income countries,,2015,58110710000000
High-income countries,,2016,57988262000000
High-income countries,,2017,58773155000000
High-income countries,,2018,59284256000000
High-income countries,,2019,59125034000000
High-income countries,,2020,59420715000000
India,IND,1980,334425000000
India,IND,1981,400725000000
India,IND,1982,409500000000
India,IND,1983,450450000000
India,IND,1984,466050000000
India,IND,1985,468000000000
India,IND,1986,527475000000
India,IND,1987,538200000000
India,IND,1988,585000000000
India,IND,1989,668850000000
India,IND,1990,682500000000
India,IND,1991,711750000000
India,IND,1992,716625000000
India,IND,1993,700050000000
India,IND,1994,684450000000
India,IND,1995,650755900000
India,IND,1996,617260900000
India,IND,1997,666300240000
India,IND,1998,649456500000
India,IND,1999,623661500000
India,IND,2000,731317100000
India,IND,2001,734339360000
India,IND,2002,722558400000
India,IND,2003,821975000000
India,IND,2004,888387500000
India,IND,2005,1073475000000
India,IND,2006,1048125000000
India,IND,2007,1015437500000
India,IND,2008,1049125000000.0001
India,IND,2009,1073437700000
India,IND,2010,1105498700000
India,IND,2011,1230132700000
India,IND,2012,1280356000000
India,IND,2013,1303956500000
India,IND,2014,1373630900000
India,IND,2015,1204944100000
India,IND,2016,1181372500000
India,IND,2017,1241331500000
India,IND,2018,1289336100000
India,IND,2019,1328866100000
India,IND,2020,1320443200000
Indonesia,IDN,1980,834330000000
Indonesia,IDN,1981,876625060000
Indonesia,IDN,1982,974400000000
Indonesia,IDN,1983,1207139500000
Indonesia,IDN,1984,1724505300000
Indonesia,IDN,1985,2011933000000
Indonesia,IDN,1986,2298975000000
Indonesia,IDN,1987,2402505000000
Indonesia,IDN,1988,2599009000000
Indonesia,IDN,1989,2590990500000
Indonesia,IDN,1990,2906554000000
Indonesia,IDN,1991,1867600000000
Indonesia,IDN,1992,1847300000000
Indonesia,IDN,1993,1847300000000
Indonesia,IDN,1994,1847300000000
Indonesia,IDN,1995,1979250000000
Indonesia,IDN,1996,2080750000000
Indonesia,IDN,1997,2184280000000.0002
Indonesia,IDN,1998,2213715000000
Indonesia,IDN,1999,2659300000000
Indonesia,IDN,2000,2722230000000
Indonesia,IDN,2001,2642045000000
Indonesia,IDN,2002,2595355000000
Indonesia,IDN,2003,2595355000000
Indonesia,IDN,2004,2810535000000
Indonesia,IDN,2005,2515170000000
Indonesia,IDN,2006,2671480000000
Indonesia,IDN,2007,3046897400000
Indonesia,IDN,2008,3232568000000
Indonesia,IDN,2009,3115589900000
Indonesia,IDN,2010,3009533200000
Indonesia,IDN,2011,3009533200000
Indonesia,IDN,2012,2970444700000
Indonesia,IDN,2013,2918422500000
Indonesia,IDN,2014,2881633000000
Indonesia,IDN,2015,2816389600000
Indonesia,IDN,2016,2909225000000
Indonesia,IDN,2017,2884794700000
Indonesia,IDN,2018,2760918400000
Indonesia,IDN,2019,1429548400000
Indonesia,IDN,2020,1252271700000
Iran,IRN,1980,13318395000000
Iran,IRN,1981,13303283000000
Iran,IRN,1982,13288171000000
Iran,IRN,1983,13265503000000
Iran,IRN,1984,13238112000000
Iran,IRN,1985,13209777000000
Iran,IRN,1986,13180497000000
Iran,IRN,1987,13149329000000
Iran,IRN,1988,13411900000000
Iran,IRN,1989,16056500000000
Iran,IRN,1990,16059334000000
Iran,IRN,1991,18701100000000
Iran,IRN,1992,19551150000000
Iran,IRN,1993,19551150000000
Iran,IRN,1994,19611597000000
Iran,IRN,1995,18276075000000
Iran,IRN,1996,21723500000000
Iran,IRN,1997,21723500000000
Iran,IRN,1998,22762450000000
Iran,IRN,1999,24375000000000
Iran,IRN,2000,25350000000000
Iran,IRN,2001,25447500000000
Iran,IRN,2002,26022750000000
Iran,IRN,2003,26880750000000
Iran,IRN,2004,26812500000000
Iran,IRN,2005,26049310000000
Iran,IRN,2006,25359825000000
Iran,IRN,2007,26568785000000
Iran,IRN,2008,27966644000000
Iran,IRN,2009,27966644000000
Iran,IRN,2010,32262749999999.996
Iran,IRN,2011,32779500000000
Iran,IRN,2012,31905210000000
Iran,IRN,2013,32131890000000
Iran,IRN,2014,32131890000000
Iran,IRN,2015,31640750000000
Iran,IRN,2016,31849720000000
Iran,IRN,2017,31933544000000
Iran,IRN,2018,32017370000000
Iran,IRN,2019,32101380000000
Iran,IRN,2020,32101380000000
Iraq,IRQ,1980,738530000000
Iraq,IRQ,1981,734492500000
Iraq,IRQ,1982,774848500000
Iraq,IRQ,1983,780140000000
Iraq,IRQ,1984,777100000000
Iraq,IRQ,1985,780140000000
Iraq,IRQ,1986,780130500000
Iraq,IRQ,1987,950000000000
Iraq,IRQ,1988,2555500000000
Iraq,IRQ,1989,2959250000000
Iraq,IRQ,1990,2951650000000
Iraq,IRQ,1991,2945000000000
Iraq,IRQ,1992,2945000000000
Iraq,IRQ,1993,2945000000000
Iraq,IRQ,1994,2959250000000
Iraq,IRQ,1995,3192000000000
Iraq,IRQ,1996,3192000000000
Iraq,IRQ,1997,3028600000000
Iraq,IRQ,1998,3028600000000
Iraq,IRQ,1999,3120750000000
Iraq,IRQ,2000,2953550000000
Iraq,IRQ,2001,2953550000000
Iraq,IRQ,2002,3030500000000
Iraq,IRQ,2003,3011500000000
Iraq,IRQ,2004,3011500000000
Iraq,IRQ,2005,3011500000000
Iraq,IRQ,2006,3011500000000
Iraq,IRQ,2007,3011500000000
Iraq,IRQ,2008,3011500000000
Iraq,IRQ,2009,3011500000000
Iraq,IRQ,2010,3000100000000
Iraq,IRQ,2011,3000100000000
Iraq,IRQ,2012,3000100000000
Iraq,IRQ,2013,3000100000000
Iraq,IRQ,2014,3000100000000
Iraq,IRQ,2015,3000100000000
Iraq,IRQ,2016,3628905000000
Iraq,IRQ,2017,3556914000000
Iraq,IRQ,2018,3542882400000
Iraq,IRQ,2019,3528525800000
Iraq,IRQ,2020,3528525800000
Israel,ISR,1980,2925000000
Israel,ISR,1981,1950000000
Israel,ISR,1982,975000000
Israel,ISR,1983,975000000
Israel,ISR,1984,975000000
Israel,ISR,1985,975000000
Israel,ISR,1986,975000000
Israel,ISR,1987,975000000
Israel,ISR,1988,975000000
Israel,ISR,1989,975000000
Israel,ISR,1990,975000000
Israel,ISR,1991,975000000
Israel,ISR,1992,975000000
Israel,ISR,1993,975000000
Israel,ISR,1994,975000000
Israel,ISR,1995,975000000
Israel,ISR,1996,975000000
Israel,ISR,1997,975000000
Israel,ISR,1998,975000000
Israel,ISR,1999,1950000000
Israel,ISR,2000,43875000000
Israel,ISR,2001,43875000000
Israel,ISR,2002,43875000000
Israel,ISR,2003,45825000000
Israel,ISR,2004,45825000000
Israel,ISR,2005,43875000000
Israel,ISR,2006,43875000000
Israel,ISR,2007,42900000000
Israel,ISR,2008,42900000000
Israel,ISR,2009,87750000000
Israel,ISR,2010,196950000000
Israel,ISR,2011,196950000000
Israel,ISR,2012,196950000000
Israel,ISR,2013,187193270000
Israel,ISR,2014,182436030000
Israel,ISR,2015,173978730000
Israel,ISR,2016,165948940000
Israel,ISR,2017,455690440000
Israel,ISR,2018,412363050000
Israel,ISR,2019,566705050000
Israel,ISR,2020,588557700000
Italy,ITA,1980,153516000000
Italy,ITA,1981,171746030000
Italy,ITA,1982,172705500000
Italy,ITA,1983,226436100000
Italy,ITA,1984,239868750000
Italy,ITA,1985,249463500000
Italy,ITA,1986,254260870000.00003
Italy,ITA,1987,287842500000
Italy,ITA,1988,313748330000
Italy,ITA,1989,315667270000
Italy,ITA,1990,308950960000
Italy,ITA,1991,353086800000
Italy,ITA,1992,288801970000
Italy,ITA,1993,280166700000
Italy,ITA,1994,285923540000
Italy,ITA,1995,284964080000
Italy,ITA,1996,266734060000
Italy,ITA,1997,262896150000
Italy,ITA,1998,254260870000.00003
Italy,ITA,1999,202800000000
Italy,ITA,2000,194025000000
Italy,ITA,2001,178425000000
Italy,ITA,2002,167700000000
Italy,ITA,2003,131624999999.99998
Italy,ITA,2004,119582250000
Italy,ITA,2005,111910280000
Italy,ITA,2006,90331696000
Italy,ITA,2007,80404970000
Italy,ITA,2008,66530220000
Italy,ITA,2009,60554236000
Italy,ITA,2010,62881194000
Italy,ITA,2011,59379800000
Italy,ITA,2012,56602314000
Italy,ITA,2013,53533357000
Italy,ITA,2014,51161632000
Italy,ITA,2015,46788704000
Italy,ITA,2016,36303584000
Italy,ITA,2017,42561510000
Italy,ITA,2018,46176247000
Italy,ITA,2019,43600690000
Italy,ITA,2020,42397680000
Kazakhstan,KAZ,1997,1713232200000
Kazakhstan,KAZ,1998,1713232200000
Kazakhstan,KAZ,1999,1713232200000
Kazakhstan,KAZ,2000,1713232200000
Kazakhstan,KAZ,2001,1713232200000
Kazakhstan,KAZ,2002,1713232200000
Kazakhstan,KAZ,2003,1713232200000
Kazakhstan,KAZ,2004,1713232200000
Kazakhstan,KAZ,2005,1713232200000
Kazakhstan,KAZ,2006,1713232200000
Kazakhstan,KAZ,2007,1713232200000
Kazakhstan,KAZ,2008,1713232200000
Kazakhstan,KAZ,2009,1713232200000
Kazakhstan,KAZ,2010,1713232200000
Kazakhstan,KAZ,2011,1713232200000
Kazakhstan,KAZ,2012,1713232200000
Kazakhstan,KAZ,2013,1713232200000
Kazakhstan,KAZ,2014,1713232200000
Kazakhstan,KAZ,2015,1713232200000
Kazakhstan,KAZ,2016,2257115400000
Kazakhstan,KAZ,2017,2257115400000
Kazakhstan,KAZ,2018,2257115400000
Kazakhstan,KAZ,2019,2257115400000
Kazakhstan,KAZ,2020,2257115400000
Kuwait,KWT,1980,1001300000000.0001
Kuwait,KWT,1981,993700000000
Kuwait,KWT,1982,988000000000
Kuwait,KWT,1983,984200000000
Kuwait,KWT,1984,985910000000
Kuwait,KWT,1985,984675000000
Kuwait,KWT,1986,1108650000000
Kuwait,KWT,1987,1144750000000
Kuwait,KWT,1988,1309100000000
Kuwait,KWT,1989,1330000000000
Kuwait,KWT,1990,1442100000000
Kuwait,KWT,1991,1435450000000
Kuwait,KWT,1992,1420250000000
Kuwait,KWT,1993,1417400000000
Kuwait,KWT,1994,1424319000000
Kuwait,KWT,1995,1419300000000
Kuwait,KWT,1996,1414550000000
Kuwait,KWT,1997,1415500000000
Kuwait,KWT,1998,1407900000000
Kuwait,KWT,1999,1407900000000
Kuwait,KWT,2000,1479150000000
Kuwait,KWT,2001,1479150000000
Kuwait,KWT,2002,1479150000000
Kuwait,KWT,2003,1493400000000
Kuwait,KWT,2004,1493400000000
Kuwait,KWT,2005,1532700000000
Kuwait,KWT,2006,1735500000000
Kuwait,KWT,2007,1694800000000
Kuwait,KWT,2008,1694800000000
Kuwait,KWT,2009,1694800000000
Kuwait,KWT,2010,1694800000000
Kuwait,KWT,2011,1694800000000
Kuwait,KWT,2012,1694800000000
Kuwait,KWT,2013,1694800000000
Kuwait,KWT,2014,1694800000000
Kuwait,KWT,2015,1694800000000
Kuwait,KWT,2016,1694800000000
Kuwait,KWT,2017,1694800000000
Kuwait,KWT,2018,1694800000000
Kuwait,KWT,2019,1694800000000
Kuwait,KWT,2020,1694800000000
Libya,LBY,1980,650750000000
Libya,LBY,1981,631750000000
Libya,LBY,1982,620350000000
Libya,LBY,1983,608000000000
Libya,LBY,1984,596600000000
Libya,LBY,1985,594700000000
Libya,LBY,1986,691600000000
Libya,LBY,1987,690650000000
Libya,LBY,1988,785650000000
Libya,LBY,1989,1157100000000
Libya,LBY,1990,1147600000000
Libya,LBY,1991,1243550000000
Libya,LBY,1992,1234050000000
Libya,LBY,1993,1224550000000
Libya,LBY,1994,1244500000000
Libya,LBY,1995,1247350000000
Libya,LBY,1996,1245450000000
Libya,LBY,1997,1248300000000
Libya,LBY,1998,1249250000000
Libya,LBY,1999,1249250000000
Libya,LBY,2000,1248300000000
Libya,LBY,2001,1248300000000
Libya,LBY,2002,1427850000000
Libya,LBY,2003,1416450000000
Libya,LBY,2004,1416450000000
Libya,LBY,2005,1416450000000
Libya,LBY,2006,1349000000000
Libya,LBY,2007,1463000000000
Libya,LBY,2008,1463000000000
Libya,LBY,2009,1471550000000
Libya,LBY,2010,1420250000000
Libya,LBY,2011,1469650000000
Libya,LBY,2012,1471550000000
Libya,LBY,2013,1430700000000
Libya,LBY,2014,1429655000000
Libya,LBY,2015,1429654500000
Libya,LBY,2016,1429654500000
Libya,LBY,2017,1429654500000
Libya,LBY,2018,1429654500000
Libya,LBY,2019,1429654500000
Libya,LBY,2020,1429654500000
Low-income countries,,1980,87750000000
Low-income countries,,1981,87750000000
Low-income countries,,1982,100425000000
Low-income countries,,1983,101400000000
Low-income countries,,1984,101400000000
Low-income countries,,1985,120900000000
Low-income countries,,1986,155024990000
Low-income countries,,1987,232050000000
Low-income countries,,1988,262274980000
Low-income countries,,1989,346125000000
Low-income countries,,1990,416325000000
Low-income countries,,1991,519683660000
Low-income countries,,1992,519683660000
Low-income countries,,1993,546008650000
Low-income countries,,1994,553808700000
Low-income countries,,1995,553808700000
Low-income countries,,1996,553808700000
Low-income countries,,1997,556733670000
Low-income countries,,1998,556733670000
Low-income countries,,1999,559658650000
Low-income countries,,2000,559658650000
Low-income countries,,2001,559658650000
Low-income countries,,2002,568433640000
Low-income countries,,2003,607433700000
Low-income countries,,2004,607433700000
Low-income countries,,2005,602558700000
Low-income countries,,2006,597683670000
Low-income countries,,2007,592808660000
Low-income countries,,2008,587933660000
Low-income countries,,2009,592324400000
Low-income countries,,2010,584504840000
Low-income countries,,2011,581988000000
Low-income countries,,2012,563214300000
Low-income countries,,2013,559532050000
Low-income countries,,2014,538140240000.00006
Low-income countries,,2015,535550000000
Low-income countries,,2016,535047650000
Low-income countries,,2017,534746199999.99994
Low-income countries,,2018,534645799999.99994
Low-income countries,,2019,534545300000
Low-income countries,,2020,534443499999.99994
Lower-middle-income countries,,1980,20033504000000
Lower-middle-income countries,,1981,20213772000000
Lower-middle-income countries,,1982,20625200000000
Lower-middle-income countries,,1983,20790920000000
Lower-middle-income countries,,1984,21286040000000
Lower-middle-income countries,,1985,21465464000000
Lower-middle-income countries,,1986,22806414000000
Lower-middle-income countries,,1987,22867939000000
Lower-middle-income countries,,1988,23435589000000
Lower-middle-income countries,,1989,26901090000000
Lower-middle-income countries,,1990,27353561000000
Lower-middle-income countries,,1991,29922089000000
Lower-middle-income countries,,1992,30833408000000
Lower-middle-income countries,,1993,30943052000000
Lower-middle-income countries,,1994,30124578000000
Lower-middle-income countries,,1995,29565426000000
Lower-middle-income countries,,1996,33335530000000
Lower-middle-income countries,,1997,35518936000000
Lower-middle-income countries,,1998,36812430000000
Lower-middle-income countries,,1999,39533836000000
Lower-middle-income countries,,2000,41571480000000
Lower-middle-income countries,,2001,42367603000000
Lower-middle-income countries,,2002,43507560000000
Lower-middle-income countries,,2003,44757298000000
Lower-middle-income countries,,2004,45245113000000
Lower-middle-income countries,,2005,44420235000000
Lower-middle-income countries,,2006,43971650000000
Lower-middle-income countries,,2007,45901450000000
Lower-middle-income countries,,2008,47467342000000
Lower-middle-income countries,,2009,47644432000000
Lower-middle-income countries,,2010,51542976000000
Lower-middle-income countries,,2011,52152203000000
Lower-middle-income countries,,2012,51651070000000
Lower-middle-income countries,,2013,51955654000000
Lower-middle-income countries,,2014,52127120000000
Lower-middle-income countries,,2015,51075268000000
Lower-middle-income countries,,2016,51683533000000
Lower-middle-income countries,,2017,51857155000000
Lower-middle-income countries,,2018,51873116000000
Lower-middle-income countries,,2019,50728740000000
Lower-middle-income countries,,2020,48449688000000
Malaysia,MYS,1980,557819550000
Malaysia,MYS,1981,620472700000
Malaysia,MYS,1982,644708930000
Malaysia,MYS,1983,626531800000
Malaysia,MYS,1984,674230700000
Malaysia,MYS,1985,682739140000
Malaysia,MYS,1986,672039100000
Malaysia,MYS,1987,664948700000
Malaysia,MYS,1988,659663140000
Malaysia,MYS,1989,733918800000
Malaysia,MYS,1990,761248950000
Malaysia,MYS,1991,874050500000
Malaysia,MYS,1992,990074900000
Malaysia,MYS,1993,1040352100000
Malaysia,MYS,1994,1091918500000
Malaysia,MYS,1995,1033906300000
Malaysia,MYS,1996,1028749700000.0001
Malaysia,MYS,1997,1121569200000
Malaysia,MYS,1998,1106099200000
Malaysia,MYS,1999,1063557000000.0001
Malaysia,MYS,2000,1063557000000.0001
Malaysia,MYS,2001,1125436700000
Malaysia,MYS,2002,1147352300000
Malaysia,MYS,2003,1121827000000
Malaysia,MYS,2004,1098235400000.0001
Malaysia,MYS,2005,1133816200000
Malaysia,MYS,2006,1146398400000
Malaysia,MYS,2007,1134589700000
Malaysia,MYS,2008,1134048200000
Malaysia,MYS,2009,1078013399999.9999
Malaysia,MYS,2010,1027267100000
Malaysia,MYS,2011,1051174899999.9999
Malaysia,MYS,2012,1018320900000
Malaysia,MYS,2013,1018012399999.9999
Malaysia,MYS,2014,1110559000000
Malaysia,MYS,2015,1002238600000.0001
Malaysia,MYS,2016,946681200000
Malaysia,MYS,2017,908230600000
Malaysia,MYS,2018,908230600000
Malaysia,MYS,2019,908230600000
Malaysia,MYS,2020,908230600000
Mexico,MEX,1980,1781325000000
Mexico,MEX,1981,2080650000000
Mexico,MEX,1982,2080650000000
Mexico,MEX,1983,2126475000000
Mexico,MEX,1984,2117700000000.0002
Mexico,MEX,1985,2112825000000
Mexico,MEX,1986,2092350000000.0002
Mexico,MEX,1987,2066024999999.9998
Mexico,MEX,1988,2026050000000.0002
Mexico,MEX,1989,2008500000000.0002
Mexico,MEX,1990,1974375000000
Mexico,MEX,1991,1958775000000
Mexico,MEX,1992,1933425000000
Mexico,MEX,1993,1923675000000
Mexico,MEX,1994,1888575000000
Mexico,MEX,1995,1868100000000
Mexico,MEX,1996,1764750000000
Mexico,MEX,1997,1752075000000
Mexico,MEX,1998,829725000000
Mexico,MEX,1999,839475000000
Mexico,MEX,2000,814125000000
Mexico,MEX,2001,777075000000
Mexico,MEX,2002,413400000000
Mexico,MEX,2003,410475000000
Mexico,MEX,2004,408525000000
Mexico,MEX,2005,403920000000
Mexico,MEX,2006,384082760000
Mexico,MEX,2007,363675000000
Mexico,MEX,2008,350025000000
Mexico,MEX,2009,335453840000
Mexico,MEX,2010,350258400000
Mexico,MEX,2011,356966880000
Mexico,MEX,2012,356395000000
Mexico,MEX,2013,344046150000
Mexico,MEX,2014,320912780000
Mexico,MEX,2015,241364390000
Mexico,MEX,2016,195792840000
Mexico,MEX,2017,184834470000
Mexico,MEX,2018,178510070000
Mexico,MEX,2019,178069950000
Mexico,MEX,2020,178069950000
Middle East (BP),,1980,24030378000000
Middle East (BP),,1981,24320951000000
Middle East (BP),,1982,25190447000000
Middle East (BP),,1983,25684650000000
Middle East (BP),,1984,26724062000000
Middle East (BP),,1985,26987373000000
Middle East (BP),,1986,29641530000000
Middle East (BP),,1987,30371040000000
Middle East (BP),,1988,33380684000000.004
Middle East (BP),,1989,36670967000000
Middle East (BP),,1990,36811290000000
Middle East (BP),,1991,41381470000000
Middle East (BP),,1992,42580940000000
Middle East (BP),,1993,43003098000000
Middle East (BP),,1994,44100536000000
Middle East (BP),,1995,44025425000000
Middle East (BP),,1996,47684010000000
Middle East (BP),,1997,47902650000000
Middle East (BP),,1998,51554726000000
Middle East (BP),,1999,53774190000000
Middle East (BP),,2000,58250220000000
Middle East (BP),,2001,70375854000000
Middle East (BP),,2002,71213844000000
Middle East (BP),,2003,71744900000000
Middle East (BP),,2004,71703804000000
Middle East (BP),,2005,69788129999999.99
Middle East (BP),,2006,70943040000000
Middle East (BP),,2007,72265680000000
Middle East (BP),,2008,73720520000000
Middle East (BP),,2009,73626290000000
Middle East (BP),,2010,77809890000000
Middle East (BP),,2011,78417050000000
Middle East (BP),,2012,77388794000000
Middle East (BP),,2013,77664020000000
Middle East (BP),,2014,77622910000000
Middle East (BP),,2015,76971820000000
Middle East (BP),,2016,77606490000000
Middle East (BP),,2017,75313250000000
Middle East (BP),,2018,75568504000000
Middle East (BP),,2019,75763080000000
Middle East (BP),,2020,75806920000000
Myanmar,MMR,1980,90675000000
Myanmar,MMR,1981,142350000000
Myanmar,MMR,1982,142350000000
Myanmar,MMR,1983,238875000000
Myanmar,MMR,1984,253500000000
Myanmar,MMR,1985,261299999999.99997
Myanmar,MMR,1986,261299999999.99997
Myanmar,MMR,1987,261299999999.99997
Myanmar,MMR,1988,260324999999.99997
Myanmar,MMR,1989,259350000000.00003
Myanmar,MMR,1990,258375000000.00003
Myanmar,MMR,1991,271050000000
Myanmar,MMR,1992,271050000000
Myanmar,MMR,1993,261299999999.99997
Myanmar,MMR,1994,261299999999.99997
Myanmar,MMR,1995,261299999999.99997
Myanmar,MMR,1996,274950000000
Myanmar,MMR,1997,275925000000
Myanmar,MMR,1998,277875000000
Myanmar,MMR,1999,279825000000
Myanmar,MMR,2000,279825000000
Myanmar,MMR,2001,336375000000
Myanmar,MMR,2002,433875000000
Myanmar,MMR,2003,394875000000
Myanmar,MMR,2004,472875000000
Myanmar,MMR,2005,528585000000
Myanmar,MMR,2006,528585000000
Myanmar,MMR,2007,485759970000
Myanmar,MMR,2008,339253000000
Myanmar,MMR,2009,326900330000
Myanmar,MMR,2010,217231900000
Myanmar,MMR,2011,217231900000
Myanmar,MMR,2012,278213050000
Myanmar,MMR,2013,518310900000
Myanmar,MMR,2014,519145549999.99994
Myanmar,MMR,2015,505596760000
Myanmar,MMR,2016,489808860000
Myanmar,MMR,2017,474884570000
Myanmar,MMR,2018,460523160000
Myanmar,MMR,2019,446934400000
Myanmar,MMR,2020,432211880000
Netherlands,NLD,1980,1989613900000
Netherlands,NLD,1981,1921555200000
Netherlands,NLD,1982,1871174000000
Netherlands,NLD,1983,1838470500000
Netherlands,NLD,1984,1798695800000
Netherlands,NLD,1985,1762456800000
Netherlands,NLD,1986,1727985400000
Netherlands,NLD,1987,1688210800000
Netherlands,NLD,1988,1659042700000
Netherlands,NLD,1989,1648436200000
Netherlands,NLD,1990,1867638500000
Netherlands,NLD,1991,1843773700000
Netherlands,NLD,1992,1821676700000
Netherlands,NLD,1993,1776598800000
Netherlands,NLD,1994,1765108300000
Netherlands,NLD,1995,1725333800000
Netherlands,NLD,1996,1705888400000
Netherlands,NLD,1997,1720914400000
Netherlands,NLD,1998,1673184900000
Netherlands,NLD,1999,1622803700000
Netherlands,NLD,2000,1570654700000
Netherlands,NLD,2001,1536183500000
Netherlands,NLD,2002,1492873300000
Netherlands,NLD,2003,1427466200000
Netherlands,NLD,2004,1389459400000
Netherlands,NLD,2005,1334658700000
Netherlands,NLD,2006,1271903300000
Netherlands,NLD,2007,1228593200000
Netherlands,NLD,2008,1188818600000
Netherlands,NLD,2009,1228593200000
Netherlands,NLD,2010,1152579500000
Netherlands,NLD,2011,1087172400000
Netherlands,NLD,2012,844105400000
Netherlands,NLD,2013,792840360000
Netherlands,NLD,2014,706220100000
Netherlands,NLD,2015,729201000000
Netherlands,NLD,2016,654071200000
Netherlands,NLD,2017,614296600000
Netherlands,NLD,2018,173240480000
Netherlands,NLD,2019,129930360000
Netherlands,NLD,2020,129930360000
Nigeria,NGA,1980,1103083000000
Nigeria,NGA,1981,1089631000000
Nigeria,NGA,1982,1315759500000
Nigeria,NGA,1983,1301500000000
Nigeria,NGA,1984,1287250000000
Nigeria,NGA,1985,1273000000000
Nigeria,NGA,1986,2280000000000
Nigeria,NGA,1987,2286650000000
Nigeria,NGA,1988,2352200000000
Nigeria,NGA,1989,2690400000000
Nigeria,NGA,1990,2698000000000
Nigeria,NGA,1991,3230000000000
Nigeria,NGA,1992,3530390000000
Nigeria,NGA,1993,3498850000000
Nigeria,NGA,1994,3277500000000
Nigeria,NGA,1995,3300300000000
Nigeria,NGA,1996,3301250000000
Nigeria,NGA,1997,3308850000000
Nigeria,NGA,1998,3336400000000
Nigeria,NGA,1999,3336400000000
Nigeria,NGA,2000,3900700000000
Nigeria,NGA,2001,4401065000000
Nigeria,NGA,2002,4747435000000
Nigeria,NGA,2003,4928625000000
Nigeria,NGA,2004,4967455000000
Nigeria,NGA,2005,4894210000000
Nigeria,NGA,2006,4946650000000
Nigeria,NGA,2007,5027400000000
Nigeria,NGA,2008,5027400000000
Nigeria,NGA,2009,5027400000000
Nigeria,NGA,2010,4918691600000
Nigeria,NGA,2011,4916808000000
Nigeria,NGA,2012,4862461000000
Nigeria,NGA,2013,4851699400000
Nigeria,NGA,2014,5057788400000
Nigeria,NGA,2015,5020064000000
Nigeria,NGA,2016,5201444000000
Nigeria,NGA,2017,5345526700000
Nigeria,NGA,2018,5391247300000
Nigeria,NGA,2019,5472979500000
Nigeria,NGA,2020,5472979500000
Non-OECD (BP),,1980,56820023000000
Non-OECD (BP),,1981,58906242000000
Non-OECD (BP),,1982,61202698000000
Non-OECD (BP),,1983,62503395000000
Non-OECD (BP),,1984,65223320000000
Non-OECD (BP),,1985,67498660000000
Non-OECD (BP),,1986,73412315000000
Non-OECD (BP),,1987,75234920000000
Non-OECD (BP),,1988,79303460000000
Non-OECD (BP),,1989,90115060000000
Non-OECD (BP),,1990,93035545000000
Non-OECD (BP),,1991,99356680000000
Non-OECD (BP),,1992,101932920000000
Non-OECD (BP),,1993,103679650000000
Non-OECD (BP),,1994,104594630000000
Non-OECD (BP),,1995,104852875000000
Non-OECD (BP),,1996,107961400000000
Non-OECD (BP),,1997,110999300000000
Non-OECD (BP),,1998,115281876000000
Non-OECD (BP),,1999,118544360000000
Non-OECD (BP),,2000,124421060000000
Non-OECD (BP),,2001,137555950000000
Non-OECD (BP),,2002,139570200000000
Non-OECD (BP),,2003,140244720000000
Non-OECD (BP),,2004,140839230000000
Non-OECD (BP),,2005,139045850000000
Non-OECD (BP),,2006,140971740000000
Non-OECD (BP),,2007,147897930000000
Non-OECD (BP),,2008,150189940000000
Non-OECD (BP),,2009,152637440000000
Non-OECD (BP),,2010,162359180000000
Non-OECD (BP),,2011,163691280000000
Non-OECD (BP),,2012,163433650000000
Non-OECD (BP),,2013,163222120000000
Non-OECD (BP),,2014,165052030000000
Non-OECD (BP),,2015,164732010000000
Non-OECD (BP),,2016,167033110000000
Non-OECD (BP),,2017,167973920000000
Non-OECD (BP),,2018,168879840000000
Non-OECD (BP),,2019,170261060000000
Non-OECD (BP),,2020,167794080000000
North America,,1980,9896732000000
North America,,1981,10380658000000
North America,,1982,10396197000000
North America,,1983,10412599000000
North America,,1984,10513590000000
North America,,1985,10379189000000
North America,,1986,10265520000000
North America,,1987,10063049000000
North America,,1988,9472624000000
North America,,1989,9501631000000
North America,,1990,9487993000000
North America,,1991,9383166000000
North America,,1992,9259415000000
North America,,1993,8747246000000.001
North America,,1994,8478676000000
North America,,1995,8585342000000.001
North America,,1996,8634997999999.999
North America,,1997,8572431999999.999
North America,,1998,7545282000000
North America,,1999,7661868000000
North America,,2000,7826321600000
North America,,2001,7982096000000
North America,,2002,7696363400000
North America,,2003,7635273000000
North America,,2004,7723479000000
North America,,2005,8035776999999.999
North America,,2006,8155662000000
North America,,2007,8852039000000
North America,,2008,9095196000000
North America,,2009,9783056000000
North America,,2010,10879007000000
North America,,2011,11622670000000
North America,,2012,10986338000000
North America,,2013,11796658000000
North America,,2014,12539026000000
North America,,2015,10980581000000
North America,,2016,11229905000000
North America,,2017,14376755000000
North America,,2018,15248405000000
North America,,2019,15090612000000
North America,,2020,15450324000000
North America (BP),,1980,9607158000000
North America (BP),,1981,10049158000000
North America (BP),,1982,10070547000000
North America (BP),,1983,10103524000000
North America (BP),,1984,10210365000000
North America (BP),,1985,10070113000000
North America (BP),,1986,9964245000000
North America (BP),,1987,9767624000000
North America (BP),,1988,9185974000000
North America (BP),,1989,9203280000000
North America (BP),,1990,9222794000000
North America (BP),,1991,9131617000000
North America (BP),,1992,9012740000000
North America (BP),,1993,8503494999999.999
North America (BP),,1994,8181300000000
North America (BP),,1995,8226541500000
North America (BP),,1996,8171873000000
North America (BP),,1997,8049830999999.999
North America (BP),,1998,6981731400000
North America (BP),,1999,7054443400000
North America (BP),,2000,7265696500000
North America (BP),,2001,7402946500000
North America (BP),,2002,7104538400000
North America (BP),,2003,7099022400000
North America (BP),,2004,7188204000000
North America (BP),,2005,7500502600000
North America (BP),,2006,7669137000000
North America (BP),,2007,8365449000000
North America (BP),,2008,8654385000000
North America (BP),,2009,9369491000000
North America (BP),,2010,10492744000000
North America (BP),,2011,11243947000000
North America (BP),,2012,10612773000000
North America (BP),,2013,11446915000000
North America (BP),,2014,12210580000000
North America (BP),,2015,10653110500000
North America (BP),,2016,10928275000000
North America (BP),,2017,14057020000000
North America (BP),,2018,14965021000000
North America (BP),,2019,14790842000000
North America (BP),,2020,15150732000000
Norway,NOR,1980,385090000000
Norway,NOR,1981,369210000000
Norway,NOR,1982,342412500000
Norway,NOR,1983,403947500000
Norway,NOR,1984,377150000000
Norway,NOR,1985,541309500000
Norway,NOR,1986,449404000000
Norway,NOR,1987,1237548200000
Norway,NOR,1988,1719010000000
Norway,NOR,1989,1717025000000
Norway,NOR,1990,1667499300000
Norway,NOR,1991,1264147300000
Norway,NOR,1992,1370444000000
Norway,NOR,1993,1344639000000
Norway,NOR,1994,1335706500000
Norway,NOR,1995,1342058500000
Norway,NOR,1996,1468900000000
Norway,NOR,1997,1164202500000
Norway,NOR,1998,1163210000000
Norway,NOR,1999,1237647500000
Norway,NOR,2000,1249557500000
Norway,NOR,2001,2172582400000
Norway,NOR,2002,2101122600000
Norway,NOR,2003,2442542600000
Norway,NOR,2004,2368105000000
Norway,NOR,2005,2340315000000
Norway,NOR,2006,2284735000000
Norway,NOR,2007,2295652400000
Norway,NOR,2008,2198387400000
Norway,NOR,2009,2030654999999.9998
Norway,NOR,2010,2026685000000
Norway,NOR,2011,2054475000000
Norway,NOR,2012,2074325000000
Norway,NOR,2013,2033632500000
Norway,NOR,2014,1907585000000
Norway,NOR,2015,1842973200000
Norway,NOR,2016,1750174500000
Norway,NOR,2017,1716171500000
Norway,NOR,2018,1609309000000
Norway,NOR,2019,1532678000000
Norway,NOR,2020,1429180100000
OECD (BP),,1980,14069098000000
OECD (BP),,1981,14561936000000
OECD (BP),,1982,14602667000000
OECD (BP),,1983,14891013000000
OECD (BP),,1984,14988665000000
OECD (BP),,1985,14906905000000
OECD (BP),,1986,14915610000000
OECD (BP),,1987,15601383000000
OECD (BP),,1988,15449060000000
OECD (BP),,1989,15348749000000
OECD (BP),,1990,15327465000000
OECD (BP),,1991,14793491000000
OECD (BP),,1992,14913327000000
OECD (BP),,1993,14340226000000
OECD (BP),,1994,14229362500000
OECD (BP),,1995,14235308000000
OECD (BP),,1996,14377755000000
OECD (BP),,1997,14039659000000
OECD (BP),,1998,13240032000000
OECD (BP),,1999,13356072000000
OECD (BP),,2000,13602137000000
OECD (BP),,2001,14925693500000
OECD (BP),,2002,14329340000000
OECD (BP),,2003,14336102500000
OECD (BP),,2004,14180591000000
OECD (BP),,2005,14346892000000
OECD (BP),,2006,14313316000000
OECD (BP),,2007,14774280000000
OECD (BP),,2008,15771628000000
OECD (BP),,2009,16338629000000
OECD (BP),,2010,17581646000000
OECD (BP),,2011,18228197000000
OECD (BP),,2012,17361056999999.998
OECD (BP),,2013,18076693000000
OECD (BP),,2014,18109860000000
OECD (BP),,2015,16460905000000
OECD (BP),,2016,16502460000000
OECD (BP),,2017,19853971000000
OECD (BP),,2018,20173544000000
OECD (BP),,2019,20006327000000
OECD (BP),,2020,20279694000000
Oceania,,1980,141336000000
Oceania,,1981,356382000000
Oceania,,1982,499980000000
Oceania,,1983,490620000000
Oceania,,1984,537420000000
Oceania,,1985,553129000000
Oceania,,1986,703859700000
Oceania,,1987,834405800000
Oceania,,1988,806611900000
Oceania,,1989,746439460000
Oceania,,1990,724701640000
Oceania,,1991,743751940000
Oceania,,1992,787649900000
Oceania,,1993,777492900000
Oceania,,1994,1010675400000
Oceania,,1995,988835450000
Oceania,,1996,1063715299999.9999
Oceania,,1997,1168235400000
Oceania,,1998,1554335400000
Oceania,,1999,1554335400000
Oceania,,2000,1721255400000
Oceania,,2001,2083176400000.0002
Oceania,,2002,1974600900000
Oceania,,2003,1860289000000
Oceania,,2004,1814124600000
Oceania,,2005,1838157400000
Oceania,,2006,1854177700000
Oceania,,2007,1790347000000
Oceania,,2008,2745185400000
Oceania,,2009,2903035900000
Oceania,,2010,3009105200000
Oceania,,2011,2964114200000
Oceania,,2012,2968581400000
Oceania,,2013,2969374400000
Oceania,,2014,2531719700000
Oceania,,2015,2525555800000
Oceania,,2016,2592079200000
Oceania,,2017,2581681000000
Oceania,,2018,2571843000000
Oceania,,2019,2565615000000
Oceania,,2020,2552740000000
Oman,OMN,1980,78975000000
Oman,OMN,1981,76050000000
Oman,OMN,1982,80925000000
Oman,OMN,1983,160875000000
Oman,OMN,1984,209625000000
Oman,OMN,1985,212550000000
Oman,OMN,1986,223275000000
Oman,OMN,1987,265200000000
Oman,OMN,1988,275925000000
Oman,OMN,1989,272025000000.00003
Oman,OMN,1990,273000000000.00003
Oman,OMN,1991,90675000000
Oman,OMN,1992,146250000000
Oman,OMN,1993,195000000000
Oman,OMN,1994,249600000000
Oman,OMN,1995,441675000000
Oman,OMN,1996,601575000000
Oman,OMN,1997,528450000000
Oman,OMN,1998,553800000000
Oman,OMN,1999,782275000000
Oman,OMN,2000,809607500000
Oman,OMN,2001,891605000000
Oman,OMN,2002,891605000000
Oman,OMN,2003,933075000000
Oman,OMN,2004,937787500000
Oman,OMN,2005,937787500000
Oman,OMN,2006,923650000000
Oman,OMN,2007,923650000000
Oman,OMN,2008,926250000000
Oman,OMN,2009,498805880000
Oman,OMN,2010,490265880000
Oman,OMN,2011,485194300000
Oman,OMN,2012,475591420000
Oman,OMN,2013,664813800000
Oman,OMN,2014,664462500000
Oman,OMN,2015,664462500000
Oman,OMN,2016,664462500000
Oman,OMN,2017,664462500000
Oman,OMN,2018,666347500000
Oman,OMN,2019,666347500000
Oman,OMN,2020,666347500000
Pakistan,PAK,1980,291291900000
Pakistan,PAK,1981,316370000000
Pakistan,PAK,1982,357652430000
Pakistan,PAK,1983,304795500000
Pakistan,PAK,1984,304023860000
Pakistan,PAK,1985,297079150000
Pakistan,PAK,1986,360738960000
Pakistan,PAK,1987,432115140000
Pakistan,PAK,1988,341872500000
Pakistan,PAK,1989,347235380000
Pakistan,PAK,1990,375187800000
Pakistan,PAK,1991,435973320000
Pakistan,PAK,1992,475741740000
Pakistan,PAK,1993,449684900000
Pakistan,PAK,1994,450403180000
Pakistan,PAK,1995,408102240000
Pakistan,PAK,1996,393427300000
Pakistan,PAK,1997,364276380000
Pakistan,PAK,1998,404116720000
Pakistan,PAK,1999,401452030000
Pakistan,PAK,2000,500783800000
Pakistan,PAK,2001,516238000000
Pakistan,PAK,2002,548214100000.00006
Pakistan,PAK,2003,543364940000
Pakistan,PAK,2004,580586850000
Pakistan,PAK,2005,676827800000
Pakistan,PAK,2006,676711260000
Pakistan,PAK,2007,668984060000
Pakistan,PAK,2008,609118700000
Pakistan,PAK,2009,581448800000
Pakistan,PAK,2010,551084600000
Pakistan,PAK,2011,546197240000
Pakistan,PAK,2012,539469899999.99994
Pakistan,PAK,2013,485176030000
Pakistan,PAK,2014,454838600000
Pakistan,PAK,2015,379647050000
Pakistan,PAK,2016,364962730000
Pakistan,PAK,2017,379843150000
Pakistan,PAK,2018,365827050000
Pakistan,PAK,2019,394643070000
Pakistan,PAK,2020,384786340000
Papua New Guinea,PNG,1980,0
Papua New Guinea,PNG,1981,0
Papua New Guinea,PNG,1982,0
Papua New Guinea,PNG,1983,0
Papua New Guinea,PNG,1984,0
Papua New Guinea,PNG,1985,108988000
Papua New Guinea,PNG,1986,299717000
Papua New Guinea,PNG,1987,585810000
Papua New Guinea,PNG,1988,871904000
Papua New Guinea,PNG,1989,1539455000
Papua New Guinea,PNG,1990,1641631000
Papua New Guinea,PNG,1991,2751946000
Papua New Guinea,PNG,1992,2969922000
Papua New Guinea,PNG,1993,3732838000
Papua New Guinea,PNG,1994,2915428000
Papua New Guinea,PNG,1995,2915428000
Papua New Guinea,PNG,1996,2915428000
Papua New Guinea,PNG,1997,2915428000
Papua New Guinea,PNG,1998,2915428000
Papua New Guinea,PNG,1999,2915428000
Papua New Guinea,PNG,2000,2915428000
Papua New Guinea,PNG,2001,2916282000
Papua New Guinea,PNG,2002,2760928000
Papua New Guinea,PNG,2003,2624653000
Papua New Guinea,PNG,2004,2480202000
Papua New Guinea,PNG,2005,2333025000
Papua New Guinea,PNG,2006,2194025000
Papua New Guinea,PNG,2007,2063201000.0000002
Papua New Guinea,PNG,2008,1921475000
Papua New Guinea,PNG,2009,149592940000
Papua New Guinea,PNG,2010,149440300000
Papua New Guinea,PNG,2011,149290400000
Papua New Guinea,PNG,2012,149145950000
Papua New Guinea,PNG,2013,148996060000
Papua New Guinea,PNG,2014,145610450000
Papua New Guinea,PNG,2015,135960240000.00002
Papua New Guinea,PNG,2016,202483550000
Papua New Guinea,PNG,2017,192085470000
Papua New Guinea,PNG,2018,182247490000
Papua New Guinea,PNG,2019,176019450000
Papua New Guinea,PNG,2020,163144480000
Peru,PER,1980,31200000000
Peru,PER,1981,31200000000
Peru,PER,1982,26325000000
Peru,PER,1983,25350000000
Peru,PER,1984,24375000000
Peru,PER,1985,26325000000
Peru,PER,1986,53625000000
Peru,PER,1987,331500000000
Peru,PER,1988,331500000000
Peru,PER,1989,331500000000
Peru,PER,1990,330525000000
Peru,PER,1991,334425000000
Peru,PER,1992,317850000000
Peru,PER,1993,323700000000
Peru,PER,1994,331500000000
Peru,PER,1995,195975000000
Peru,PER,1996,195975000000
Peru,PER,1997,193050000000
Peru,PER,1998,240825000000
Peru,PER,1999,240825000000
Peru,PER,2000,240825000000
Peru,PER,2001,240825000000
Peru,PER,2002,240825000000
Peru,PER,2003,240825000000
Peru,PER,2004,316875000000
Peru,PER,2005,321475000000
Peru,PER,2006,319145800000
Peru,PER,2007,322153720000
Peru,PER,2008,327114140000
Peru,PER,2009,327114140000
Peru,PER,2010,339651400000
Peru,PER,2011,346138100000
Peru,PER,2012,419072400000
Peru,PER,2013,410105500000
Peru,PER,2014,398631160000
Peru,PER,2015,383749960000
Peru,PER,2016,438532440000
Peru,PER,2017,350907700000
Peru,PER,2018,289011700000
Peru,PER,2019,275597180000
Peru,PER,2020,261442120000
Poland,POL,1980,76700000000
Poland,POL,1981,73750000000
Poland,POL,1982,71537500000
Poland,POL,1983,69325000000
Poland,POL,1984,67112500000.00001
Poland,POL,1985,70800000000
Poland,POL,1986,121687500000
Poland,POL,1987,120212500000
Poland,POL,1988,126112499999.99998
Poland,POL,1989,120950000000
Poland,POL,1990,117262500000
Poland,POL,1991,112837500000
Poland,POL,1992,116525000000
Poland,POL,1993,114312500000
Poland,POL,1994,114312500000
Poland,POL,1995,112837500000
Poland,POL,1996,109887500000
Poland,POL,1997,114312500000
Poland,POL,1998,103987500000
Poland,POL,1999,107675000000
Poland,POL,2000,87762500000
Poland,POL,2001,84812500000
Poland,POL,2002,85550000000
Poland,POL,2003,81125000000
Poland,POL,2004,80387500000
Poland,POL,2005,78175000000
Poland,POL,2006,83337500000
Poland,POL,2007,77041070000
Poland,POL,2008,77663170000
Poland,POL,2009,81450485000
Poland,POL,2010,80503630000
Poland,POL,2011,78808500000
Poland,POL,2012,75903620000
Poland,POL,2013,72474845000
Poland,POL,2014,69704935000
Poland,POL,2015,66877863999.99999
Poland,POL,2016,65391679999.99999
Poland,POL,2017,63697845000
Poland,POL,2018,72251530000
Poland,POL,2019,72260090000
Poland,POL,2020,72260090000
Qatar,QAT,1980,2898000000000
Qatar,QAT,1981,2929050000000
Qatar,QAT,1982,3255075000000
Qatar,QAT,1983,3519000000000
Qatar,QAT,1984,4429800000000
Qatar,QAT,1985,4595400000000
Qatar,QAT,1986,4595400000000
Qatar,QAT,1987,4595400000000
Qatar,QAT,1988,4782735000000
Qatar,QAT,1989,4781700000000
Qatar,QAT,1990,4776525000000
Qatar,QAT,1991,6652980000000
Qatar,QAT,1992,6947955000000
Qatar,QAT,1993,7317450000000
Qatar,QAT,1994,7317450000000
Qatar,QAT,1995,8797500000000
Qatar,QAT,1996,8797500000000
Qatar,QAT,1997,8797500000000
Qatar,QAT,1998,11281500000000
Qatar,QAT,1999,11547495000000
Qatar,QAT,2000,14948505000000
Qatar,QAT,2001,26685406000000
Qatar,QAT,2002,26685406000000
Qatar,QAT,2003,26230005000000
Qatar,QAT,2004,26248634000000
Qatar,QAT,2005,24995100000000
Qatar,QAT,2006,26436758000000
Qatar,QAT,2007,26356190000000
Qatar,QAT,2008,26252851000000
Qatar,QAT,2009,26207834000000
Qatar,QAT,2010,25923723000000
Qatar,QAT,2011,25923723000000
Qatar,QAT,2012,25758749000000
Qatar,QAT,2013,25541870000000
Qatar,QAT,2014,25386538000000
Qatar,QAT,2015,25149532000000
Qatar,QAT,2016,24915040000000
Qatar,QAT,2017,24696135000000
Qatar,QAT,2018,24680965000000
Qatar,QAT,2019,24665472000000
Qatar,QAT,2020,24665472000000
Romania,ROU,1980,292500000000
Romania,ROU,1981,273000000000.00003
Romania,ROU,1982,248625000000
Romania,ROU,1983,224250000000
Romania,ROU,1984,204750000000
Romania,ROU,1985,263249999999.99997
Romania,ROU,1986,229125000000
Romania,ROU,1987,193050000000
Romania,ROU,1988,160875000000
Romania,ROU,1989,129675000000.00002
Romania,ROU,1990,379275000000
Romania,ROU,1991,354900000000
Romania,ROU,1992,332475000000
Romania,ROU,1993,312000000000
Romania,ROU,1994,292500000000
Romania,ROU,1995,273000000000.00003
Romania,ROU,1996,255450000000
Romania,ROU,1997,239850000000
Romania,ROU,1998,225225000000
Romania,ROU,1999,210600000000
Romania,ROU,2000,196950000000
Romania,ROU,2001,184275000000
Romania,ROU,2002,173550000000
Romania,ROU,2003,160875000000
Romania,ROU,2004,148200000000
Romania,ROU,2005,139425000000
Romania,ROU,2006,126750000000
Romania,ROU,2007,117000000000
Romania,ROU,2008,110175000000
Romania,ROU,2009,109200000000
Romania,ROU,2010,107250000000
Romania,ROU,2011,108712500000
Romania,ROU,2012,116122500000
Romania,ROU,2013,110175000000
Romania,ROU,2014,106275000000
Romania,ROU,2015,100425000000
Romania,ROU,2016,96924750000
Romania,ROU,2017,89592750000
Romania,ROU,2018,84825000000
Romania,ROU,2019,78867750000
Romania,ROU,2020,78867750000
Russia,RUS,1991,33910553000000
Russia,RUS,1992,34729897000000
Russia,RUS,1993,34734012999999.996
Russia,RUS,1994,34509414999999.996
Russia,RUS,1995,33704690000000
Russia,RUS,1996,33425327000000.004
Russia,RUS,1997,33567444000000
Russia,RUS,1998,33364047999999.996
Russia,RUS,1999,32949849999999.996
Russia,RUS,2000,33155712000000
Russia,RUS,2001,33361579999999.996
Russia,RUS,2002,33910553000000
Russia,RUS,2003,33773308000000
Russia,RUS,2004,33636066000000
Russia,RUS,2005,33773308000000
Russia,RUS,2006,33773308000000
Russia,RUS,2007,33910553000000
Russia,RUS,2008,33979176000000.004
Russia,RUS,2009,34047800000000.004
Russia,RUS,2010,34116417000000
Russia,RUS,2011,34459525999999.996
Russia,RUS,2012,34640070000000
Russia,RUS,2013,34943996000000
Russia,RUS,2014,35049059999999.996
Russia,RUS,2015,34957400000000
Russia,RUS,2016,34833252000000
Russia,RUS,2017,37888233000000
Russia,RUS,2018,37640987000000
Russia,RUS,2019,37556740000000
Russia,RUS,2020,37391525000000
Saudi Arabia,SAU,1980,3024068600000
Saudi Arabia,SAU,1981,3178776000000
Saudi Arabia,SAU,1982,3260561500000
Saudi Arabia,SAU,1983,3366771500000
Saudi Arabia,SAU,1984,3427609400000
Saudi Arabia,SAU,1985,3502650000000
Saudi Arabia,SAU,1986,3819950000000
Saudi Arabia,SAU,1987,3980025000000
Saudi Arabia,SAU,1988,4769000000000
Saudi Arabia,SAU,1989,4957480000000
Saudi Arabia,SAU,1990,4961565000000
Saudi Arabia,SAU,1991,4959570000000
Saudi Arabia,SAU,1992,4986360000000
Saudi Arabia,SAU,1993,4986360000000
Saudi Arabia,SAU,1994,4997000000000
Saudi Arabia,SAU,1995,5267275000000
Saudi Arabia,SAU,1996,5408635000000
Saudi Arabia,SAU,1997,5587900000000
Saudi Arabia,SAU,1998,5764600000000
Saudi Arabia,SAU,1999,5838700000000
Saudi Arabia,SAU,2000,5985950000000
Saudi Arabia,SAU,2001,6132782000000
Saudi Arabia,SAU,2002,6313700000000
Saudi Arabia,SAU,2003,6416300000000
Saudi Arabia,SAU,2004,6419150000000
Saudi Arabia,SAU,2005,6480900000000
Saudi Arabia,SAU,2006,6719350000000
Saudi Arabia,SAU,2007,6939222300000
Saudi Arabia,SAU,2008,7074965000000
Saudi Arabia,SAU,2009,7403157000000
Saudi Arabia,SAU,2010,7505381000000
Saudi Arabia,SAU,2011,7602225000000
Saudi Arabia,SAU,2012,7661407000000
Saudi Arabia,SAU,2013,7758250700000
Saudi Arabia,SAU,2014,7908896000000
Saudi Arabia,SAU,2015,8005739999999.999
Saudi Arabia,SAU,2016,8035330999999.999
Saudi Arabia,SAU,2017,5651042500000
Saudi Arabia,SAU,2018,5892756000000
Saudi Arabia,SAU,2019,5984545700000
Saudi Arabia,SAU,2020,6019120000000
South America,,1980,2506857400000
South America,,1981,2664251600000
South America,,1982,2804055200000
South America,,1983,2897640200000
South America,,1984,2995229500000
South America,,1985,3089769400000
South America,,1986,4104479000000.0005
South America,,1987,4611928500000
South America,,1988,4743370000000
South America,,1989,4781363000000
South America,,1990,5238042000000
South America,,1991,5404224400000
South America,,1992,5497543300000
South America,,1993,5504526000000
South America,,1994,5843960000000
South America,,1995,5906539000000
South America,,1996,5911153300000
South America,,1997,6084291500000
South America,,1998,6190489000000
South America,,1999,6233295400000
South America,,2000,6238962000000
South America,,2001,6293649000000
South America,,2002,6224245000000
South America,,2003,6155247700000
South America,,2004,6317899000000
South America,,2005,6214853000000
South America,,2006,6705958400000
South America,,2007,6867202800000
South America,,2008,7060367600000
South America,,2009,7145175000000
South America,,2010,7720908600000
South America,,2011,7746022000000
South America,,2012,7880704000000
South America,,2013,7878077500000
South America,,2014,7891750300000
South America,,2015,7935072000000
South America,,2016,7977339300000
South America,,2017,7810491600000
South America,,2018,7702541000000
South America,,2019,7638790600000
South America,,2020,7597885000000
South and Central America (BP),,1980,2796432300000
South and Central America (BP),,1981,2995751600000
South and Central America (BP),,1982,3129705200000
South and Central America (BP),,1983,3206715300000
South and Central America (BP),,1984,3298454500000
South and Central America (BP),,1985,3398844500000
South and Central America (BP),,1986,4405753600000
South and Central America (BP),,1987,4907353400000
South and Central America (BP),,1988,5030019800000
South and Central America (BP),,1989,5079713000000
South and Central America (BP),,1990,5503242000000
South and Central America (BP),,1991,5655774000000
South and Central America (BP),,1992,5744218300000
South and Central America (BP),,1993,5748276700000
South and Central America (BP),,1994,6141335000000
South and Central America (BP),,1995,6265339000000
South and Central America (BP),,1996,6374278000000
South and Central America (BP),,1997,6606891000000
South and Central America (BP),,1998,6754039000000
South and Central America (BP),,1999,6840720700000
South and Central America (BP),,2000,6799587700000
South and Central America (BP),,2001,6872799000000
South and Central America (BP),,2002,6816070000000
South and Central America (BP),,2003,6691497300000
South and Central America (BP),,2004,6853174000000
South and Central America (BP),,2005,6750128000000
South and Central America (BP),,2006,7192483400000
South and Central America (BP),,2007,7353793000000
South and Central America (BP),,2008,7501179000000
South and Central America (BP),,2009,7558739700000
South and Central America (BP),,2010,8107172000000
South and Central America (BP),,2011,8124745000000.001
South and Central America (BP),,2012,8254269000000.001
South and Central America (BP),,2013,8227819000000
South and Central America (BP),,2014,8220197000000.001
South and Central America (BP),,2015,8262544000000
South and Central America (BP),,2016,8278969000000
South and Central America (BP),,2017,8130226000000
South and Central America (BP),,2018,7985925700000
South and Central America (BP),,2019,7938560500000
South and Central America (BP),,2020,7897476700000
Syria,SYR,1980,87750000000
Syria,SYR,1981,87750000000
Syria,SYR,1982,100425000000
Syria,SYR,1983,101400000000
Syria,SYR,1984,101400000000
Syria,SYR,1985,120900000000
Syria,SYR,1986,138450000000
Syria,SYR,1987,121875000000
Syria,SYR,1988,110175000000
Syria,SYR,1989,153075000000
Syria,SYR,1990,177450000000
Syria,SYR,1991,195000000000
Syria,SYR,1992,195000000000
Syria,SYR,1993,221325000000
Syria,SYR,1994,229125000000
Syria,SYR,1995,229125000000
Syria,SYR,1996,229125000000
Syria,SYR,1997,232050000000
Syria,SYR,1998,232050000000
Syria,SYR,1999,234975000000
Syria,SYR,2000,234975000000
Syria,SYR,2001,234975000000
Syria,SYR,2002,243750000000
Syria,SYR,2003,282750000000
Syria,SYR,2004,282750000000
Syria,SYR,2005,277875000000
Syria,SYR,2006,273000000000.00003
Syria,SYR,2007,268125000000
Syria,SYR,2008,263249999999.99997
Syria,SYR,2009,268612499999.99997
Syria,SYR,2010,268612499999.99997
Syria,SYR,2011,277875000000
Syria,SYR,2012,268612499999.99997
Syria,SYR,2013,277875000000
Syria,SYR,2014,268612499999.99997
Syria,SYR,2015,268612499999.99997
Syria,SYR,2016,268612499999.99997
Syria,SYR,2017,268612499999.99997
Syria,SYR,2018,268612499999.99997
Syria,SYR,2019,268612499999.99997
Syria,SYR,2020,268612499999.99997
Thailand,THA,1980,284700000000
Thailand,THA,1981,391950000000
Thailand,THA,1982,341250000000
Thailand,THA,1983,163800000000
Thailand,THA,1984,204750000000
Thailand,THA,1985,212550000000
Thailand,THA,1986,198900000000
Thailand,THA,1987,179400000000
Thailand,THA,1988,190125000000
Thailand,THA,1989,223275000000
Thailand,THA,1990,218400000000
Thailand,THA,1991,239850000000
Thailand,THA,1992,225225000000
Thailand,THA,1993,176475000000
Thailand,THA,1994,170625000000
Thailand,THA,1995,171600000000
Thailand,THA,1996,191100000000
Thailand,THA,1997,199875000000
Thailand,THA,1998,409500000000
Thailand,THA,1999,336375000000
Thailand,THA,2000,351000000000
Thailand,THA,2001,368550000000
Thailand,THA,2002,429975000000
Thailand,THA,2003,407550000000
Thailand,THA,2004,345150000000
Thailand,THA,2005,296400000000
Thailand,THA,2006,322725000000
Thailand,THA,2007,328239600000
Thailand,THA,2008,351685300000
Thailand,THA,2009,323257400000
Thailand,THA,2010,310069200000
Thailand,THA,2011,294858800000
Thailand,THA,2012,264904600000
Thailand,THA,2013,246612560000
Thailand,THA,2014,227180200000
Thailand,THA,2015,214063800000
Thailand,THA,2016,200169010000
Thailand,THA,2017,187862070000
Thailand,THA,2018,177540400000
Thailand,THA,2019,143084030000
Thailand,THA,2020,143084030000
Trinidad and Tobago,TTO,1980,289575000000
Trinidad and Tobago,TTO,1981,331500000000
Trinidad and Tobago,TTO,1982,325650000000
Trinidad and Tobago,TTO,1983,309075000000
Trinidad and Tobago,TTO,1984,303225000000
Trinidad and Tobago,TTO,1985,309075000000
Trinidad and Tobago,TTO,1986,301275000000
Trinidad and Tobago,TTO,1987,295425000000
Trinidad and Tobago,TTO,1988,286650000000
Trinidad and Tobago,TTO,1989,278850000000
Trinidad and Tobago,TTO,1990,245700000000
Trinidad and Tobago,TTO,1991,232050000000
Trinidad and Tobago,TTO,1992,227175000000
Trinidad and Tobago,TTO,1993,224250000000
Trinidad and Tobago,TTO,1994,278850000000
Trinidad and Tobago,TTO,1995,340275000000
Trinidad and Tobago,TTO,1996,444600000000
Trinidad and Tobago,TTO,1997,504075000000.00006
Trinidad and Tobago,TTO,1998,546000000000.00006
Trinidad and Tobago,TTO,1999,589875000000
Trinidad and Tobago,TTO,2000,543075000000
Trinidad and Tobago,TTO,2001,561600000000
Trinidad and Tobago,TTO,2002,574275000000
Trinidad and Tobago,TTO,2003,518700000000.00006
Trinidad and Tobago,TTO,2004,518700000000.00006
Trinidad and Tobago,TTO,2005,516750000000.00006
Trinidad and Tobago,TTO,2006,468000000000
Trinidad and Tobago,TTO,2007,468065700000
Trinidad and Tobago,TTO,2008,423261170000
Trinidad and Tobago,TTO,2009,396989800000
Trinidad and Tobago,TTO,2010,370663320000
Trinidad and Tobago,TTO,2011,365073080000
Trinidad and Tobago,TTO,2012,360914830000
Trinidad and Tobago,TTO,2013,337066800000
Trinidad and Tobago,TTO,2014,316771180000
Trinidad and Tobago,TTO,2015,316771180000
Trinidad and Tobago,TTO,2016,291904240000
Trinidad and Tobago,TTO,2017,309528650000
Trinidad and Tobago,TTO,2018,273178300000
Trinidad and Tobago,TTO,2019,289563500000
Trinidad and Tobago,TTO,2020,289866420000
Turkmenistan,TKM,1997,1757925000000
Turkmenistan,TKM,1998,1815450000000
Turkmenistan,TKM,1999,1815450000000
Turkmenistan,TKM,2000,1815450000000
Turkmenistan,TKM,2001,1815450000000
Turkmenistan,TKM,2002,1815450000000
Turkmenistan,TKM,2003,1815450000000
Turkmenistan,TKM,2004,1815450000000
Turkmenistan,TKM,2005,1815450000000
Turkmenistan,TKM,2006,1815450000000
Turkmenistan,TKM,2007,5712525000000
Turkmenistan,TKM,2008,5712525000000
Turkmenistan,TKM,2009,7910175000000
Turkmenistan,TKM,2010,13601250000000
Turkmenistan,TKM,2011,13601250000000
Turkmenistan,TKM,2012,13601250000000
Turkmenistan,TKM,2013,13601250000000
Turkmenistan,TKM,2014,13601250000000
Turkmenistan,TKM,2015,13601250000000
Turkmenistan,TKM,2016,13601250000000
Turkmenistan,TKM,2017,13601250000000
Turkmenistan,TKM,2018,13601250000000
Turkmenistan,TKM,2019,13601250000000
Turkmenistan,TKM,2020,13601250000000
USSR,OWID_USS,1980,20469296000000
USSR,OWID_USS,1981,21748627000000
USSR,OWID_USS,1982,22388292000000
USSR,OWID_USS,1983,23027958000000
USSR,OWID_USS,1984,23987457000000
USSR,OWID_USS,1985,25586620000000
USSR,OWID_USS,1986,26226284000000
USSR,OWID_USS,1987,26674051000000
USSR,OWID_USS,1988,27185783000000
USSR,OWID_USS,1989,33262604000000.004
USSR,OWID_USS,1990,34880960000000
USSR,OWID_USS,1991,2415040300000
USSR,OWID_USS,1992,2390937800000
USSR,OWID_USS,1993,3410424200000
USSR,OWID_USS,1994,3851329000000
USSR,OWID_USS,1995,4129969000000
USSR,OWID_USS,1996,3939344400000
Ukraine,UKR,1997,742596200000
Ukraine,UKR,1998,795638800000
Ukraine,UKR,1999,788566400000
Ukraine,UKR,2000,785030300000
Ukraine,UKR,2001,785030300000
Ukraine,UKR,2002,785030300000
Ukraine,UKR,2003,781494100000
Ukraine,UKR,2004,785030300000
Ukraine,UKR,2005,777957900000
Ukraine,UKR,2006,776529300000
Ukraine,UKR,2007,776529300000
Ukraine,UKR,2008,761451070000
Ukraine,UKR,2009,746372800000
Ukraine,UKR,2010,730197900000
Ukraine,UKR,2011,729083060000
Ukraine,UKR,2012,1165016500000
Ukraine,UKR,2013,1137240200000
Ukraine,UKR,2014,1138232200000
Ukraine,UKR,2015,1069585199999.9999
Ukraine,UKR,2016,1050141800000
Ukraine,UKR,2017,1031690400000
Ukraine,UKR,2018,1091210999999.9999
Ukraine,UKR,2019,1091210999999.9999
Ukraine,UKR,2020,1091210999999.9999
United Arab Emirates,ARE,1980,2310750000000
United Arab Emirates,ARE,1981,2465775000000
United Arab Emirates,ARE,1982,2898675000000
United Arab Emirates,ARE,1983,2972775000000
United Arab Emirates,ARE,1984,3030300000000
United Arab Emirates,ARE,1985,3069300000000
United Arab Emirates,ARE,1986,5278845000000
United Arab Emirates,ARE,1987,5541900000000
United Arab Emirates,ARE,1988,5521425000000
United Arab Emirates,ARE,1989,5508750000000
United Arab Emirates,ARE,1990,5482425000000
United Arab Emirates,ARE,1991,5648175000000
United Arab Emirates,ARE,1992,5650125000000
United Arab Emirates,ARE,1993,5650125000000
United Arab Emirates,ARE,1994,6607575000000
United Arab Emirates,ARE,1995,5712525000000
United Arab Emirates,ARE,1996,5639400000000
United Arab Emirates,ARE,1997,5911425000000
United Arab Emirates,ARE,1998,5846100000000
United Arab Emirates,ARE,1999,5845125000000
United Arab Emirates,ARE,2000,5844150000000
United Arab Emirates,ARE,2001,5906550000000
United Arab Emirates,ARE,2002,5902650000000
United Arab Emirates,ARE,2003,5895825000000
United Arab Emirates,ARE,2004,5901675000000
United Arab Emirates,ARE,2005,5908500000000
United Arab Emirates,ARE,2006,5889975000000
United Arab Emirates,ARE,2007,5923125000000
United Arab Emirates,ARE,2008,5937750000000
United Arab Emirates,ARE,2009,5938725000000
United Arab Emirates,ARE,2010,5938725000000
United Arab Emirates,ARE,2011,5938725000000
United Arab Emirates,ARE,2012,5938725000000
United Arab Emirates,ARE,2013,5938725000000
United Arab Emirates,ARE,2014,5938725000000
United Arab Emirates,ARE,2015,5938725000000
United Arab Emirates,ARE,2016,5938725000000
United Arab Emirates,ARE,2017,5938725000000
United Arab Emirates,ARE,2018,5938725000000
United Arab Emirates,ARE,2019,5938725000000
United Arab Emirates,ARE,2020,5938725000000
United Kingdom,GBR,1980,720525000000
United Kingdom,GBR,1981,647400000000
United Kingdom,GBR,1982,617175000000
United Kingdom,GBR,1983,694200000000
United Kingdom,GBR,1984,706875000000
United Kingdom,GBR,1985,631800000000
United Kingdom,GBR,1986,618150000000
United Kingdom,GBR,1987,627900000000
United Kingdom,GBR,1988,575250000000
United Kingdom,GBR,1989,546000000000.00006
United Kingdom,GBR,1990,531375000000.00006
United Kingdom,GBR,1991,526499999999.99994
United Kingdom,GBR,1992,594750000000
United Kingdom,GBR,1993,614250000000
United Kingdom,GBR,1994,643500000000
United Kingdom,GBR,1995,682500000000
United Kingdom,GBR,1996,741000000000
United Kingdom,GBR,1997,745875000000
United Kingdom,GBR,1998,736125000000
United Kingdom,GBR,1999,756200000000
United Kingdom,GBR,2000,731325000000
United Kingdom,GBR,2001,651725000000
United Kingdom,GBR,2002,626850000000
United Kingdom,GBR,2003,587050000000
United Kingdom,GBR,2004,528344999999.99994
United Kingdom,GBR,2005,478595000000
United Kingdom,GBR,2006,409940000000
United Kingdom,GBR,2007,341285000000
United Kingdom,GBR,2008,290540000000
United Kingdom,GBR,2009,254720000000
United Kingdom,GBR,2010,251327040000
United Kingdom,GBR,2011,244799850000
United Kingdom,GBR,2012,242780000000
United Kingdom,GBR,2013,239795000000
United Kingdom,GBR,2014,204970000000
United Kingdom,GBR,2015,205965000000
United Kingdom,GBR,2016,183957650000
United Kingdom,GBR,2017,186979340000
United Kingdom,GBR,2018,186979340000
United Kingdom,GBR,2019,186979340000
United Kingdom,GBR,2020,186979340000
United States,USA,1980,5396133000000
United States,USA,1981,5469583000000
United States,USA,1982,5463672000000
United States,USA,1983,5429373700000
United States,USA,1984,5353890000000
United States,USA,1985,5242888000000
United States,USA,1986,5194545000000
United States,USA,1987,5075924000000
United States,USA,1988,4555699300000
United States,USA,1989,4531080200000
United States,USA,1990,4591543000000
United States,USA,1991,4529616400000
United States,USA,1992,4474115000000
United States,USA,1993,4403620200000
United States,USA,1994,4442175400000
United States,USA,1995,4477667000000
United States,USA,1996,4513673300000
United States,USA,1997,4533981300000
United States,USA,1998,4447706700000
United States,USA,1999,4538943300000
United States,USA,2000,4810646500000
United States,USA,2001,4974221000000
United States,USA,2002,5068738500000
United States,USA,2003,5125622700000
United States,USA,2004,5219679000000
United States,USA,2005,5541568800000
United States,USA,2006,5723228500000
United States,USA,2007,6445556000000
United States,USA,2008,6633452000000
United States,USA,2009,7388641400000
United States,USA,2010,8259415000000.001
United States,USA,2011,9057687000000
United States,USA,2012,8351898000000
United States,USA,2013,9171482000000
United States,USA,2014,9996813000000
United States,USA,2015,8343601000000
United States,USA,2016,8736855000000
United States,USA,2017,11888134000000
United States,USA,2018,12874004000000
United States,USA,2019,12618705000000
United States,USA,2020,12618705000000
Upper-middle-income countries,,1980,26310050000000
Upper-middle-income countries,,1981,28026295000000
Upper-middle-income countries,,1982,28852808000000
Upper-middle-income countries,,1983,29314623000000
Upper-middle-income countries,,1984,30323238000000
Upper-middle-income countries,,1985,31996983000000
Upper-middle-income countries,,1986,32673859999999.996
Upper-middle-income countries,,1987,33523280000000
Upper-middle-income countries,,1988,35808273000000
Upper-middle-income countries,,1989,42710266000000
Upper-middle-income countries,,1990,44504990000000
Upper-middle-income countries,,1991,43715134000000
Upper-middle-income countries,,1992,44955425000000
Upper-middle-income countries,,1993,45206980000000
Upper-middle-income countries,,1994,45043740000000
Upper-middle-income countries,,1995,44334705000000
Upper-middle-income countries,,1996,43469986000000
Upper-middle-income countries,,1997,47727337000000
Upper-middle-income countries,,1998,47096570000000
Upper-middle-income countries,,1999,47026516000000
Upper-middle-income countries,,2000,47020355000000
Upper-middle-income countries,,2001,47253290000000
Upper-middle-income countries,,2002,47587383000000
Upper-middle-income countries,,2003,47369110000000
Upper-middle-income countries,,2004,47340100000000
Upper-middle-income countries,,2005,47415913000000
Upper-middle-income countries,,2006,47562004000000
Upper-middle-income countries,,2007,52273666000000
Upper-middle-income countries,,2008,52801098000000
Upper-middle-income countries,,2009,55088734000000
Upper-middle-income countries,,2010,60686040000000
Upper-middle-income countries,,2011,61297432000000
Upper-middle-income countries,,2012,61698147000000
Upper-middle-income countries,,2013,61135410000000
Upper-middle-income countries,,2014,62811000000000
Upper-middle-income countries,,2015,63544617000000
Upper-middle-income countries,,2016,65252520000000.01
Upper-middle-income countries,,2017,68676390000000
Upper-middle-income countries,,2018,69412740000000
Upper-middle-income countries,,2019,71706390000000
Upper-middle-income countries,,2020,71500270000000
Uzbekistan,UZB,1997,863850000000
Uzbekistan,UZB,1998,863850000000
Uzbekistan,UZB,1999,913575000000
Uzbekistan,UZB,2000,913575000000
Uzbekistan,UZB,2001,913575000000
Uzbekistan,UZB,2002,918450000000
Uzbekistan,UZB,2003,918450000000
Uzbekistan,UZB,2004,913575000000
Uzbekistan,UZB,2005,924300000000
Uzbekistan,UZB,2006,924300000000
Uzbekistan,UZB,2007,918450000000
Uzbekistan,UZB,2008,885300000000
Uzbekistan,UZB,2009,873600000000
Uzbekistan,UZB,2010,873600000000
Uzbekistan,UZB,2011,873600000000
Uzbekistan,UZB,2012,845325000000
Uzbekistan,UZB,2013,845325000000
Uzbekistan,UZB,2014,845325000000
Uzbekistan,UZB,2015,845325000000
Uzbekistan,UZB,2016,845325000000
Uzbekistan,UZB,2017,845325000000
Uzbekistan,UZB,2018,845325000000
Uzbekistan,UZB,2019,845325000000
Uzbekistan,UZB,2020,845325000000
Venezuela,VEN,1980,1401275200000
Venezuela,VEN,1981,1515261000000
Venezuela,VEN,1982,1633054300000
Venezuela,VEN,1983,1734186300000
Venezuela,VEN,1984,1849593000000
Venezuela,VEN,1985,1925628000000
Venezuela,VEN,1986,2910420000000
Venezuela,VEN,1987,3150180000000
Venezuela,VEN,1988,3170160000000
Venezuela,VEN,1989,3321897000000
Venezuela,VEN,1990,3806190000000
Venezuela,VEN,1991,3975798000000
Venezuela,VEN,1992,4099230000000.0005
Venezuela,VEN,1993,4099230000000.0005
Venezuela,VEN,1994,4401205500000
Venezuela,VEN,1995,4511817000000
Venezuela,VEN,1996,4497165000000
Venezuela,VEN,1997,4574088000000
Venezuela,VEN,1998,4603685000000
Venezuela,VEN,1999,4609184000000
Venezuela,VEN,2000,4609184000000
Venezuela,VEN,2001,4639800000000
Venezuela,VEN,2002,4640910000000
Venezuela,VEN,2003,4683090000000
Venezuela,VEN,2004,4761243000000
Venezuela,VEN,2005,4785917000000
Venezuela,VEN,2006,5225489000000
Venezuela,VEN,2007,5372307000000
Venezuela,VEN,2008,5531382600000
Venezuela,VEN,2009,5622409000000
Venezuela,VEN,2010,6132200000000
Venezuela,VEN,2011,6136537000000
Venezuela,VEN,2012,6173343700000
Venezuela,VEN,2013,6194843000000
Venezuela,VEN,2014,6235044000000
Venezuela,VEN,2015,6328742000000
Venezuela,VEN,2016,6371143300000
Venezuela,VEN,2017,6336411500000
Venezuela,VEN,2018,6296571300000
Venezuela,VEN,2019,6260173300000
Venezuela,VEN,2020,6260173300000
Vietnam,VNM,1980,0
Vietnam,VNM,1981,0
Vietnam,VNM,1982,0
Vietnam,VNM,1983,0
Vietnam,VNM,1984,0
Vietnam,VNM,1985,0
Vietnam,VNM,1986,0
Vietnam,VNM,1987,0
Vietnam,VNM,1988,0
Vietnam,VNM,1989,0
Vietnam,VNM,1990,14625000000
Vietnam,VNM,1991,14625000000
Vietnam,VNM,1992,103350000000
Vietnam,VNM,1993,103350000000
Vietnam,VNM,1994,130649999999.99998
Vietnam,VNM,1995,143325000000
Vietnam,VNM,1996,166725000000
Vietnam,VNM,1997,165750000000
Vietnam,VNM,1998,165750000000
Vietnam,VNM,1999,165750000000
Vietnam,VNM,2000,165750000000
Vietnam,VNM,2001,188175000000
Vietnam,VNM,2002,224250000000
Vietnam,VNM,2003,214500000000
Vietnam,VNM,2004,214500000000
Vietnam,VNM,2005,214500000000
Vietnam,VNM,2006,214500000000
Vietnam,VNM,2007,499744800000
Vietnam,VNM,2008,583035600000
Vietnam,VNM,2009,713921100000
Vietnam,VNM,2010,645928600000
Vietnam,VNM,2011,645928600000
Vietnam,VNM,2012,645928600000
Vietnam,VNM,2013,645928600000
Vietnam,VNM,2014,645928600000
Vietnam,VNM,2015,645928600000
Vietnam,VNM,2016,645928600000
Vietnam,VNM,2017,645928600000
Vietnam,VNM,2018,645928600000
Vietnam,VNM,2019,645928600000
Vietnam,VNM,2020,645928600000
World,OWID_WRL,1980,70889120000000
World,OWID_WRL,1981,73468180000000
World,OWID_WRL,1982,75805370000000
World,OWID_WRL,1983,77394410000000
World,OWID_WRL,1984,80211980000000
World,OWID_WRL,1985,82405560000000
World,OWID_WRL,1986,88327920000000
World,OWID_WRL,1987,90836300000000
World,OWID_WRL,1988,94752520000000
World,OWID_WRL,1989,105463810000000
World,OWID_WRL,1990,108363014000000
World,OWID_WRL,1991,114150180000000
World,OWID_WRL,1992,116846250000000
World,OWID_WRL,1993,118019875000000
World,OWID_WRL,1994,118823990000000
World,OWID_WRL,1995,119088180000000
World,OWID_WRL,1996,122339165000000
World,OWID_WRL,1997,125038960000000
World,OWID_WRL,1998,128521909999999.98
World,OWID_WRL,1999,131900440000000
World,OWID_WRL,2000,138023200000000
World,OWID_WRL,2001,152481660000000
World,OWID_WRL,2002,153899540000000
World,OWID_WRL,2003,154580830000000
World,OWID_WRL,2004,155019820000000
World,OWID_WRL,2005,153392750000000
World,OWID_WRL,2006,155285050000000
World,OWID_WRL,2007,162672210000000
World,OWID_WRL,2008,165961580000000
World,OWID_WRL,2009,168976060000000
World,OWID_WRL,2010,179940830000000
World,OWID_WRL,2011,181919480000000
World,OWID_WRL,2012,180794710000000
World,OWID_WRL,2013,181298810000000
World,OWID_WRL,2014,183161900000000
World,OWID_WRL,2015,181192920000000
World,OWID_WRL,2016,183535570000000
World,OWID_WRL,2017,187827880000000
World,OWID_WRL,2018,189053380000000
World,OWID_WRL,2019,190267400000000
World,OWID_WRL,2020,188073780000000
Yemen,YEM,1980,0
Yemen,YEM,1981,0
Yemen,YEM,1982,0
Yemen,YEM,1983,0
Yemen,YEM,1984,0
Yemen,YEM,1985,0
Yemen,YEM,1986,16575000000
Yemen,YEM,1987,110175000000
Yemen,YEM,1988,152100000000
Yemen,YEM,1989,193050000000
Yemen,YEM,1990,238875000000
Yemen,YEM,1991,324683670000
Yemen,YEM,1992,324683670000
Yemen,YEM,1993,324683670000
Yemen,YEM,1994,324683670000
Yemen,YEM,1995,324683670000
Yemen,YEM,1996,324683670000
Yemen,YEM,1997,324683670000
Yemen,YEM,1998,324683670000
Yemen,YEM,1999,324683670000
Yemen,YEM,2000,324683670000
Yemen,YEM,2001,324683670000
Yemen,YEM,2002,324683670000
Yemen,YEM,2003,324683670000
Yemen,YEM,2004,324683670000
Yemen,YEM,2005,324683670000
Yemen,YEM,2006,324683670000
Yemen,YEM,2007,324683670000
Yemen,YEM,2008,324683670000
Yemen,YEM,2009,323711870000
Yemen,YEM,2010,315892370000
Yemen,YEM,2011,304113000000
Yemen,YEM,2012,294601800000
Yemen,YEM,2013,281657000000
Yemen,YEM,2014,269527730000.00003
Yemen,YEM,2015,266937519999.99997
Yemen,YEM,2016,266435150000
Yemen,YEM,2017,266133730000
Yemen,YEM,2018,266033260000
Yemen,YEM,2019,265932800000.00003
Yemen,YEM,2020,265831019999.99997